id,model_id,attachment,link,comment,upload_date,file_size,model_type,upload_user_id,metadata
5448,5448,,http://short-circuits.sandbox.anybotics.com/part/5448/,datasheet,2025-09-04,0,part,1,{}
5449,5449,,https://www.vishay.com/docs/20043/crcwhpe3.pdf,2023-11-07,2025-09-04,0,part,1,{}
5450,5450,,http://short-circuits.sandbox.anybotics.com/part/5450/,datasheet,2025-09-04,0,part,1,{}
5451,5451,,https://www.vishay.com/docs/20043/crcwhpe3.pdf,2023-11-07,2025-09-04,0,part,1,{}
5452,5452,,http://short-circuits.sandbox.anybotics.com/part/5452/,datasheet,2025-09-04,0,part,1,{}
5453,5453,,https://www.vishay.com/docs/20043/crcwhpe3.pdf,2023-11-07,2025-09-04,0,part,1,{}
5454,5454,,http://short-circuits.sandbox.anybotics.com/part/5454/,datasheet,2025-09-04,0,part,1,{}
5455,5455,,https://www.vishay.com/docs/20043/crcwhpe3.pdf,2023-11-07,2025-09-04,0,part,1,{}
5456,5456,,http://short-circuits.sandbox.anybotics.com/part/5456/,datasheet,2025-09-04,0,part,1,{}
5457,5457,,https://www.vishay.com/docs/20043/crcwhpe3.pdf,2023-11-07,2025-09-04,0,part,1,{}
5458,5458,,http://short-circuits.sandbox.anybotics.com/part/5458/,datasheet,2025-09-04,0,part,1,{}
5459,5459,,https://www.vishay.com/docs/20043/crcwhpe3.pdf,2023-11-07,2025-09-04,0,part,1,{}
5460,5460,,http://short-circuits.sandbox.anybotics.com/part/5460/,datasheet,2025-09-04,0,part,1,{}
5461,5461,,https://www.vishay.com/docs/20043/crcwhpe3.pdf,2023-11-07,2025-09-04,0,part,1,{}
5462,5462,,http://short-circuits.sandbox.anybotics.com/part/5462/,datasheet,2025-09-04,0,part,1,{}
5463,5463,,https://www.vishay.com/docs/20043/crcwhpe3.pdf,2023-11-07,2025-09-04,0,part,1,{}
5464,5464,,http://short-circuits.sandbox.anybotics.com/part/5464/,datasheet,2025-09-04,0,part,1,{}
5465,5465,,https://www.vishay.com/docs/20043/crcwhpe3.pdf,2023-11-07,2025-09-04,0,part,1,{}
5466,5466,,http://short-circuits.sandbox.anybotics.com/part/5466/,datasheet,2025-09-04,0,part,1,{}
5467,5467,,https://www.vishay.com/docs/20043/crcwhpe3.pdf,2023-11-07,2025-09-04,0,part,1,{}
5468,5468,,http://short-circuits.sandbox.anybotics.com/part/5468/,datasheet,2025-09-04,0,part,1,{}
5469,5469,,https://www.vishay.com/docs/20043/crcwhpe3.pdf,2023-11-07,2025-09-04,0,part,1,{}
5470,5470,,http://short-circuits.sandbox.anybotics.com/part/5470/,datasheet,2025-09-04,0,part,1,{}
5471,5471,,https://www.vishay.com/docs/20043/crcwhpe3.pdf,2023-11-07,2025-09-04,0,part,1,{}
5472,5472,,http://short-circuits.sandbox.anybotics.com/part/5472/,datasheet,2025-09-04,0,part,1,{}
5473,5473,,https://www.vishay.com/docs/20043/crcwhpe3.pdf,2023-11-07,2025-09-04,0,part,1,{}
5474,5474,,http://short-circuits.sandbox.anybotics.com/part/5474/,datasheet,2025-09-04,0,part,1,{}
5475,5475,,https://www.vishay.com/docs/20043/crcwhpe3.pdf,2023-11-07,2025-09-04,0,part,1,{}
5476,5476,,http://short-circuits.sandbox.anybotics.com/part/5476/,datasheet,2025-09-04,0,part,1,{}
5477,5477,,https://www.vishay.com/docs/20043/crcwhpe3.pdf,2023-11-07,2025-09-04,0,part,1,{}
5478,5478,,http://short-circuits.sandbox.anybotics.com/part/5478/,datasheet,2025-09-04,0,part,1,{}
5479,5479,,https://www.vishay.com/docs/20043/crcwhpe3.pdf,2023-11-07,2025-09-04,0,part,1,{}
5480,5480,,http://short-circuits.sandbox.anybotics.com/part/5480/,datasheet,2025-09-04,0,part,1,{}
5481,5481,,https://www.vishay.com/docs/20043/crcwhpe3.pdf,2023-11-07,2025-09-04,0,part,1,{}
5482,5482,,http://short-circuits.sandbox.anybotics.com/part/5482/,datasheet,2025-09-04,0,part,1,{}
5483,5483,,https://www.vishay.com/docs/20043/crcwhpe3.pdf,2023-11-07,2025-09-04,0,part,1,{}
5484,5484,,http://short-circuits.sandbox.anybotics.com/part/5484/,datasheet,2025-09-04,0,part,1,{}
5485,5485,,https://www.vishay.com/docs/20043/crcwhpe3.pdf,2023-11-07,2025-09-04,0,part,1,{}
5486,5486,,http://short-circuits.sandbox.anybotics.com/part/5486/,datasheet,2025-09-04,0,part,1,{}
5487,5487,,https://www.vishay.com/docs/20043/crcwhpe3.pdf,2023-11-07,2025-09-04,0,part,1,{}
5488,5488,,http://short-circuits.sandbox.anybotics.com/part/5488/,datasheet,2025-09-04,0,part,1,{}
5489,5489,,https://www.vishay.com/docs/20043/crcwhpe3.pdf,2023-11-07,2025-09-04,0,part,1,{}
5490,5490,,http://short-circuits.sandbox.anybotics.com/part/5490/,datasheet,2025-09-04,0,part,1,{}
5491,5491,,https://www.vishay.com/docs/20043/crcwhpe3.pdf,2023-11-07,2025-09-04,0,part,1,{}
5492,5492,,http://short-circuits.sandbox.anybotics.com/part/5492/,datasheet,2025-09-04,0,part,1,{}
5493,5493,,https://www.vishay.com/docs/20043/crcwhpe3.pdf,2023-11-07,2025-09-04,0,part,1,{}
5494,5494,,http://short-circuits.sandbox.anybotics.com/part/5494/,datasheet,2025-09-04,0,part,1,{}
5495,5495,,https://www.vishay.com/docs/20043/crcwhpe3.pdf,2023-11-07,2025-09-04,0,part,1,{}
5496,5496,,http://short-circuits.sandbox.anybotics.com/part/5496/,datasheet,2025-09-04,0,part,1,{}
5497,5497,,https://www.vishay.com/docs/20043/crcwhpe3.pdf,2023-11-07,2025-09-04,0,part,1,{}
5498,5498,,http://short-circuits.sandbox.anybotics.com/part/5498/,datasheet,2025-09-04,0,part,1,{}
5499,5499,,https://www.vishay.com/docs/20043/crcwhpe3.pdf,2023-11-07,2025-09-04,0,part,1,{}
5500,5500,,http://short-circuits.sandbox.anybotics.com/part/5500/,datasheet,2025-09-04,0,part,1,{}
5501,5501,,https://www.vishay.com/docs/20043/crcwhpe3.pdf,2023-11-07,2025-09-04,0,part,1,{}
5502,5502,,http://short-circuits.sandbox.anybotics.com/part/5502/,datasheet,2025-09-04,0,part,1,{}
5503,5503,,https://www.vishay.com/docs/20043/crcwhpe3.pdf,2023-11-07,2025-09-04,0,part,1,{}
5504,5504,,http://short-circuits.sandbox.anybotics.com/part/5504/,datasheet,2025-09-04,0,part,1,{}
5505,5505,,https://www.vishay.com/docs/20043/crcwhpe3.pdf,2023-11-07,2025-09-04,0,part,1,{}
5506,5506,,http://short-circuits.sandbox.anybotics.com/part/5506/,datasheet,2025-09-04,0,part,1,{}
5507,5507,,https://www.vishay.com/docs/20043/crcwhpe3.pdf,2023-11-07,2025-09-04,0,part,1,{}
5508,5508,,http://short-circuits.sandbox.anybotics.com/part/5508/,datasheet,2025-09-04,0,part,1,{}
5509,5509,,https://www.vishay.com/docs/20043/crcwhpe3.pdf,2023-11-07,2025-09-04,0,part,1,{}
5510,5510,,http://short-circuits.sandbox.anybotics.com/part/5510/,datasheet,2025-09-04,0,part,1,{}
5511,5511,,https://www.vishay.com/docs/20043/crcwhpe3.pdf,2023-11-07,2025-09-04,0,part,1,{}
5512,5512,,http://short-circuits.sandbox.anybotics.com/part/5512/,datasheet,2025-09-04,0,part,1,{}
5513,5513,,https://www.vishay.com/docs/20043/crcwhpe3.pdf,2023-11-07,2025-09-04,0,part,1,{}
5514,5514,,http://short-circuits.sandbox.anybotics.com/part/5514/,datasheet,2025-09-04,0,part,1,{}
5515,5515,,https://www.vishay.com/docs/20043/crcwhpe3.pdf,2023-11-07,2025-09-04,0,part,1,{}
5516,5516,,http://short-circuits.sandbox.anybotics.com/part/5516/,datasheet,2025-09-04,0,part,1,{}
5517,5517,,https://www.vishay.com/docs/20043/crcwhpe3.pdf,2023-11-07,2025-09-04,0,part,1,{}
5518,5518,,http://short-circuits.sandbox.anybotics.com/part/5518/,datasheet,2025-09-04,0,part,1,{}
5519,5519,,https://www.vishay.com/docs/20043/crcwhpe3.pdf,2023-11-07,2025-09-04,0,part,1,{}
5520,5520,,http://short-circuits.sandbox.anybotics.com/part/5520/,datasheet,2025-09-04,0,part,1,{}
5521,5521,,https://www.vishay.com/docs/20043/crcwhpe3.pdf,2023-11-07,2025-09-04,0,part,1,{}
5522,5522,,http://short-circuits.sandbox.anybotics.com/part/5522/,datasheet,2025-09-04,0,part,1,{}
5523,5523,,https://www.vishay.com/docs/20043/crcwhpe3.pdf,2023-11-07,2025-09-04,0,part,1,{}
5524,5524,,http://short-circuits.sandbox.anybotics.com/part/5524/,datasheet,2025-09-04,0,part,1,{}
5525,5525,,https://www.vishay.com/docs/20043/crcwhpe3.pdf,2023-11-07,2025-09-04,0,part,1,{}
5526,5526,,http://short-circuits.sandbox.anybotics.com/part/5526/,datasheet,2025-09-04,0,part,1,{}
5527,5527,,https://www.vishay.com/docs/20043/crcwhpe3.pdf,2023-11-07,2025-09-04,0,part,1,{}
5528,5528,,http://short-circuits.sandbox.anybotics.com/part/5528/,datasheet,2025-09-04,0,part,1,{}
5529,5529,,https://www.vishay.com/docs/20043/crcwhpe3.pdf,2023-11-07,2025-09-04,0,part,1,{}
5530,5530,,http://short-circuits.sandbox.anybotics.com/part/5530/,datasheet,2025-09-04,0,part,1,{}
5531,5531,,https://www.vishay.com/docs/20043/crcwhpe3.pdf,2023-11-07,2025-09-04,0,part,1,{}
5532,5532,,http://short-circuits.sandbox.anybotics.com/part/5532/,datasheet,2025-09-04,0,part,1,{}
5533,5533,,https://www.vishay.com/docs/20043/crcwhpe3.pdf,2023-11-07,2025-09-04,0,part,1,{}
5534,5534,,http://short-circuits.sandbox.anybotics.com/part/5534/,datasheet,2025-09-04,0,part,1,{}
5535,5535,,https://www.vishay.com/docs/20043/crcwhpe3.pdf,2023-11-07,2025-09-04,0,part,1,{}
5536,5536,,http://short-circuits.sandbox.anybotics.com/part/5536/,datasheet,2025-09-04,0,part,1,{}
5537,5537,,https://www.vishay.com/docs/20043/crcwhpe3.pdf,2023-11-07,2025-09-04,0,part,1,{}
5538,5538,,http://short-circuits.sandbox.anybotics.com/part/5538/,datasheet,2025-09-04,0,part,1,{}
5539,5539,,https://www.vishay.com/docs/20043/crcwhpe3.pdf,2023-11-07,2025-09-04,0,part,1,{}
5540,5540,,http://short-circuits.sandbox.anybotics.com/part/5540/,datasheet,2025-09-04,0,part,1,{}
5541,5541,,https://www.vishay.com/docs/20043/crcwhpe3.pdf,2023-11-07,2025-09-04,0,part,1,{}
5542,5542,,http://short-circuits.sandbox.anybotics.com/part/5542/,datasheet,2025-09-04,0,part,1,{}
5543,5543,,https://www.vishay.com/docs/20043/crcwhpe3.pdf,2023-11-07,2025-09-04,0,part,1,{}
5544,5544,,http://short-circuits.sandbox.anybotics.com/part/5544/,datasheet,2025-09-04,0,part,1,{}
5545,5545,,https://www.vishay.com/docs/20043/crcwhpe3.pdf,2023-11-07,2025-09-04,0,part,1,{}
5546,5546,,http://short-circuits.sandbox.anybotics.com/part/5546/,datasheet,2025-09-04,0,part,1,{}
5547,5547,,https://www.vishay.com/docs/20043/crcwhpe3.pdf,2023-11-07,2025-09-04,0,part,1,{}
5548,5548,,http://short-circuits.sandbox.anybotics.com/part/5548/,datasheet,2025-09-04,0,part,1,{}
5549,5549,,https://www.vishay.com/docs/20043/crcwhpe3.pdf,2023-11-07,2025-09-04,0,part,1,{}
5550,5550,,http://short-circuits.sandbox.anybotics.com/part/5550/,datasheet,2025-09-04,0,part,1,{}
5551,5551,,https://www.vishay.com/docs/20043/crcwhpe3.pdf,2023-11-07,2025-09-04,0,part,1,{}
5552,5552,,http://short-circuits.sandbox.anybotics.com/part/5552/,datasheet,2025-09-04,0,part,1,{}
5553,5553,,https://www.vishay.com/docs/20043/crcwhpe3.pdf,2023-11-07,2025-09-04,0,part,1,{}
5554,5554,,http://short-circuits.sandbox.anybotics.com/part/5554/,datasheet,2025-09-04,0,part,1,{}
5555,5555,,https://www.vishay.com/docs/20043/crcwhpe3.pdf,2023-11-07,2025-09-04,0,part,1,{}
5556,5556,,http://short-circuits.sandbox.anybotics.com/part/5556/,datasheet,2025-09-04,0,part,1,{}
5557,5557,,https://www.vishay.com/docs/20043/crcwhpe3.pdf,2023-11-07,2025-09-04,0,part,1,{}
5558,5558,,http://short-circuits.sandbox.anybotics.com/part/5558/,datasheet,2025-09-04,0,part,1,{}
5559,5559,,https://www.vishay.com/docs/20043/crcwhpe3.pdf,2023-11-07,2025-09-04,0,part,1,{}
5560,5560,,http://short-circuits.sandbox.anybotics.com/part/5560/,datasheet,2025-09-04,0,part,1,{}
5561,5561,,https://www.vishay.com/docs/20043/crcwhpe3.pdf,2023-11-07,2025-09-04,0,part,1,{}
5562,5562,,http://short-circuits.sandbox.anybotics.com/part/5562/,datasheet,2025-09-04,0,part,1,{}
5563,5563,,https://www.vishay.com/docs/20043/crcwhpe3.pdf,2023-11-07,2025-09-04,0,part,1,{}
5564,5564,,http://short-circuits.sandbox.anybotics.com/part/5564/,datasheet,2025-09-04,0,part,1,{}
5565,5565,,https://www.vishay.com/docs/20043/crcwhpe3.pdf,2023-11-07,2025-09-04,0,part,1,{}
5566,5566,,http://short-circuits.sandbox.anybotics.com/part/5566/,datasheet,2025-09-04,0,part,1,{}
5567,5567,,https://www.vishay.com/docs/20043/crcwhpe3.pdf,2023-11-07,2025-09-04,0,part,1,{}
5568,5568,,http://short-circuits.sandbox.anybotics.com/part/5568/,datasheet,2025-09-04,0,part,1,{}
5569,5569,,https://www.vishay.com/docs/20043/crcwhpe3.pdf,2023-11-07,2025-09-04,0,part,1,{}
5570,5570,,http://short-circuits.sandbox.anybotics.com/part/5570/,datasheet,2025-09-04,0,part,1,{}
5571,5571,,https://www.vishay.com/docs/20043/crcwhpe3.pdf,2023-11-07,2025-09-04,0,part,1,{}
5572,5572,,http://short-circuits.sandbox.anybotics.com/part/5572/,datasheet,2025-09-04,0,part,1,{}
5573,5573,,https://www.vishay.com/docs/20043/crcwhpe3.pdf,2023-11-07,2025-09-04,0,part,1,{}
5574,5574,,http://short-circuits.sandbox.anybotics.com/part/5574/,datasheet,2025-09-04,0,part,1,{}
5575,5575,,https://www.vishay.com/docs/20043/crcwhpe3.pdf,2023-11-07,2025-09-04,0,part,1,{}
5576,5576,,http://short-circuits.sandbox.anybotics.com/part/5576/,datasheet,2025-09-04,0,part,1,{}
5577,5577,,https://www.vishay.com/docs/20043/crcwhpe3.pdf,2023-11-07,2025-09-04,0,part,1,{}
5578,5578,,http://short-circuits.sandbox.anybotics.com/part/5578/,datasheet,2025-09-04,0,part,1,{}
5579,5579,,https://www.vishay.com/docs/20043/crcwhpe3.pdf,2023-11-07,2025-09-04,0,part,1,{}
5580,5580,,http://short-circuits.sandbox.anybotics.com/part/5580/,datasheet,2025-09-04,0,part,1,{}
5581,5581,,https://www.vishay.com/docs/20043/crcwhpe3.pdf,2023-11-07,2025-09-04,0,part,1,{}
5582,5582,,http://short-circuits.sandbox.anybotics.com/part/5582/,datasheet,2025-09-04,0,part,1,{}
5583,5583,,https://www.vishay.com/docs/20043/crcwhpe3.pdf,2023-11-07,2025-09-04,0,part,1,{}
5584,5584,,http://short-circuits.sandbox.anybotics.com/part/5584/,datasheet,2025-09-04,0,part,1,{}
5585,5585,,https://www.vishay.com/docs/20043/crcwhpe3.pdf,2023-11-07,2025-09-04,0,part,1,{}
5586,5586,,http://short-circuits.sandbox.anybotics.com/part/5586/,datasheet,2025-09-04,0,part,1,{}
5587,5587,,https://www.vishay.com/docs/20043/crcwhpe3.pdf,2023-11-07,2025-09-04,0,part,1,{}
5588,5588,,http://short-circuits.sandbox.anybotics.com/part/5588/,datasheet,2025-09-04,0,part,1,{}
5589,5589,,https://www.vishay.com/docs/20043/crcwhpe3.pdf,2023-11-07,2025-09-04,0,part,1,{}
5590,5590,,http://short-circuits.sandbox.anybotics.com/part/5590/,datasheet,2025-09-04,0,part,1,{}
5591,5591,,https://www.vishay.com/docs/20043/crcwhpe3.pdf,2023-11-07,2025-09-04,0,part,1,{}
5592,5592,,http://short-circuits.sandbox.anybotics.com/part/5592/,datasheet,2025-09-04,0,part,1,{}
5593,5593,,https://www.vishay.com/docs/20043/crcwhpe3.pdf,2023-11-07,2025-09-04,0,part,1,{}
5594,5594,,http://short-circuits.sandbox.anybotics.com/part/5594/,datasheet,2025-09-04,0,part,1,{}
5595,5595,,https://www.vishay.com/docs/20043/crcwhpe3.pdf,2023-11-07,2025-09-04,0,part,1,{}
5596,5596,,http://short-circuits.sandbox.anybotics.com/part/5596/,datasheet,2025-09-04,0,part,1,{}
5597,5597,,https://www.vishay.com/docs/20043/crcwhpe3.pdf,2023-11-07,2025-09-04,0,part,1,{}
5598,5598,,http://short-circuits.sandbox.anybotics.com/part/5598/,datasheet,2025-09-04,0,part,1,{}
5599,5599,,https://www.vishay.com/docs/20043/crcwhpe3.pdf,2023-11-07,2025-09-04,0,part,1,{}
5600,5600,,http://short-circuits.sandbox.anybotics.com/part/5600/,datasheet,2025-09-04,0,part,1,{}
5601,5601,,https://www.vishay.com/docs/20043/crcwhpe3.pdf,2023-11-07,2025-09-04,0,part,1,{}
5602,5602,,http://short-circuits.sandbox.anybotics.com/part/5602/,datasheet,2025-09-04,0,part,1,{}
5603,5603,,https://www.vishay.com/docs/20043/crcwhpe3.pdf,2023-11-07,2025-09-04,0,part,1,{}
5604,5604,,http://short-circuits.sandbox.anybotics.com/part/5604/,datasheet,2025-09-04,0,part,1,{}
5605,5605,,https://www.vishay.com/docs/20043/crcwhpe3.pdf,2023-11-07,2025-09-04,0,part,1,{}
5606,5606,,http://short-circuits.sandbox.anybotics.com/part/5606/,datasheet,2025-09-04,0,part,1,{}
5607,5607,,https://www.vishay.com/docs/20043/crcwhpe3.pdf,2023-11-07,2025-09-04,0,part,1,{}
5608,5608,,http://short-circuits.sandbox.anybotics.com/part/5608/,datasheet,2025-09-04,0,part,1,{}
5609,5609,,https://www.vishay.com/docs/20043/crcwhpe3.pdf,2023-11-07,2025-09-04,0,part,1,{}
5610,5610,,http://short-circuits.sandbox.anybotics.com/part/5610/,datasheet,2025-09-04,0,part,1,{}
5611,5611,,https://www.vishay.com/docs/20043/crcwhpe3.pdf,2023-11-07,2025-09-04,0,part,1,{}
5612,5612,,http://short-circuits.sandbox.anybotics.com/part/5612/,datasheet,2025-09-04,0,part,1,{}
5613,5613,,https://www.vishay.com/docs/20043/crcwhpe3.pdf,2023-11-07,2025-09-04,0,part,1,{}
5614,5614,,http://short-circuits.sandbox.anybotics.com/part/5614/,datasheet,2025-09-04,0,part,1,{}
5615,5615,,https://www.vishay.com/docs/20043/crcwhpe3.pdf,2023-11-07,2025-09-04,0,part,1,{}
5616,5616,,http://short-circuits.sandbox.anybotics.com/part/5616/,datasheet,2025-09-04,0,part,1,{}
5617,5617,,https://www.vishay.com/docs/20043/crcwhpe3.pdf,2023-11-07,2025-09-04,0,part,1,{}
5618,5618,,http://short-circuits.sandbox.anybotics.com/part/5618/,datasheet,2025-09-04,0,part,1,{}
5619,5619,,https://www.vishay.com/docs/20043/crcwhpe3.pdf,2023-11-07,2025-09-04,0,part,1,{}
5620,5620,,http://short-circuits.sandbox.anybotics.com/part/5620/,datasheet,2025-09-04,0,part,1,{}
5621,5621,,https://www.vishay.com/docs/20043/crcwhpe3.pdf,2023-11-07,2025-09-04,0,part,1,{}
5622,5622,,http://short-circuits.sandbox.anybotics.com/part/5622/,datasheet,2025-09-04,0,part,1,{}
5623,5623,,https://www.vishay.com/docs/20043/crcwhpe3.pdf,2023-11-07,2025-09-04,0,part,1,{}
5624,5624,,http://short-circuits.sandbox.anybotics.com/part/5624/,datasheet,2025-09-04,0,part,1,{}
5625,5625,,https://www.vishay.com/docs/20043/crcwhpe3.pdf,2023-11-07,2025-09-04,0,part,1,{}
5626,5626,,http://short-circuits.sandbox.anybotics.com/part/5626/,datasheet,2025-09-04,0,part,1,{}
5627,5627,,https://www.vishay.com/docs/20043/crcwhpe3.pdf,2023-11-07,2025-09-04,0,part,1,{}
5628,5628,,http://short-circuits.sandbox.anybotics.com/part/5628/,datasheet,2025-09-04,0,part,1,{}
5629,5629,,https://www.vishay.com/docs/20043/crcwhpe3.pdf,2023-11-07,2025-09-04,0,part,1,{}
5630,5630,,http://short-circuits.sandbox.anybotics.com/part/5630/,datasheet,2025-09-04,0,part,1,{}
5631,5631,,https://www.vishay.com/docs/20043/crcwhpe3.pdf,2023-11-07,2025-09-04,0,part,1,{}
5632,5632,,http://short-circuits.sandbox.anybotics.com/part/5632/,datasheet,2025-09-04,0,part,1,{}
5633,5633,,https://www.vishay.com/docs/20043/crcwhpe3.pdf,2023-11-07,2025-09-04,0,part,1,{}
5634,5634,,http://short-circuits.sandbox.anybotics.com/part/5634/,datasheet,2025-09-04,0,part,1,{}
5635,5635,,https://www.vishay.com/docs/20043/crcwhpe3.pdf,2023-11-07,2025-09-04,0,part,1,{}
5636,5636,,http://short-circuits.sandbox.anybotics.com/part/5636/,datasheet,2025-09-04,0,part,1,{}
5637,5637,,https://www.vishay.com/docs/20043/crcwhpe3.pdf,2023-11-07,2025-09-04,0,part,1,{}
5638,5638,,http://short-circuits.sandbox.anybotics.com/part/5638/,datasheet,2025-09-04,0,part,1,{}
5639,5639,,https://www.vishay.com/docs/20043/crcwhpe3.pdf,2023-11-07,2025-09-04,0,part,1,{}
5640,5640,,http://short-circuits.sandbox.anybotics.com/part/5640/,datasheet,2025-09-04,0,part,1,{}
5641,5641,,https://www.vishay.com/docs/20043/crcwhpe3.pdf,2023-11-07,2025-09-04,0,part,1,{}
5642,5642,,http://short-circuits.sandbox.anybotics.com/part/5642/,datasheet,2025-09-04,0,part,1,{}
5643,5643,,https://www.vishay.com/docs/20043/crcwhpe3.pdf,2023-11-07,2025-09-04,0,part,1,{}
5644,5644,,http://short-circuits.sandbox.anybotics.com/part/5644/,datasheet,2025-09-04,0,part,1,{}
5645,5645,,https://www.vishay.com/docs/20043/crcwhpe3.pdf,2023-11-07,2025-09-04,0,part,1,{}
5646,5646,,http://short-circuits.sandbox.anybotics.com/part/5646/,datasheet,2025-09-04,0,part,1,{}
5647,5647,,https://www.vishay.com/docs/20043/crcwhpe3.pdf,2023-11-07,2025-09-04,0,part,1,{}
5648,5648,,http://short-circuits.sandbox.anybotics.com/part/5648/,datasheet,2025-09-04,0,part,1,{}
5649,5649,,https://www.vishay.com/docs/20043/crcwhpe3.pdf,2023-11-07,2025-09-04,0,part,1,{}
5650,5650,,http://short-circuits.sandbox.anybotics.com/part/5650/,datasheet,2025-09-04,0,part,1,{}
5651,5651,,https://www.vishay.com/docs/20043/crcwhpe3.pdf,2023-11-07,2025-09-04,0,part,1,{}
5652,5652,,http://short-circuits.sandbox.anybotics.com/part/5652/,datasheet,2025-09-04,0,part,1,{}
5653,5653,,https://www.vishay.com/docs/20043/crcwhpe3.pdf,2023-11-07,2025-09-04,0,part,1,{}
5654,5654,,http://short-circuits.sandbox.anybotics.com/part/5654/,datasheet,2025-09-04,0,part,1,{}
5655,5655,,https://www.vishay.com/docs/20043/crcwhpe3.pdf,2023-11-07,2025-09-04,0,part,1,{}
5656,5656,,http://short-circuits.sandbox.anybotics.com/part/5656/,datasheet,2025-09-04,0,part,1,{}
5657,5657,,https://www.vishay.com/docs/20043/crcwhpe3.pdf,2023-11-07,2025-09-04,0,part,1,{}
5658,5658,,http://short-circuits.sandbox.anybotics.com/part/5658/,datasheet,2025-09-04,0,part,1,{}
5659,5659,,https://www.vishay.com/docs/20043/crcwhpe3.pdf,2023-11-07,2025-09-04,0,part,1,{}
5660,5660,,http://short-circuits.sandbox.anybotics.com/part/5660/,datasheet,2025-09-04,0,part,1,{}
5661,5661,,https://www.vishay.com/docs/20043/crcwhpe3.pdf,2023-11-07,2025-09-04,0,part,1,{}
5662,5662,,http://short-circuits.sandbox.anybotics.com/part/5662/,datasheet,2025-09-04,0,part,1,{}
5663,5663,,https://www.vishay.com/docs/20043/crcwhpe3.pdf,2023-11-07,2025-09-04,0,part,1,{}
5664,5664,,http://short-circuits.sandbox.anybotics.com/part/5664/,datasheet,2025-09-04,0,part,1,{}
5665,5665,,https://www.vishay.com/docs/20043/crcwhpe3.pdf,2023-11-07,2025-09-04,0,part,1,{}
5666,5666,,http://short-circuits.sandbox.anybotics.com/part/5666/,datasheet,2025-09-04,0,part,1,{}
5667,5667,,https://www.vishay.com/docs/20043/crcwhpe3.pdf,2023-11-07,2025-09-04,0,part,1,{}
5668,5668,,http://short-circuits.sandbox.anybotics.com/part/5668/,datasheet,2025-09-04,0,part,1,{}
5669,5669,,https://www.vishay.com/docs/20043/crcwhpe3.pdf,2023-11-07,2025-09-04,0,part,1,{}
5670,5670,,http://short-circuits.sandbox.anybotics.com/part/5670/,datasheet,2025-09-04,0,part,1,{}
5671,5671,,https://www.vishay.com/docs/20043/crcwhpe3.pdf,2023-11-07,2025-09-04,0,part,1,{}
5672,5672,,http://short-circuits.sandbox.anybotics.com/part/5672/,datasheet,2025-09-04,0,part,1,{}
5673,5673,,https://www.vishay.com/docs/20043/crcwhpe3.pdf,2023-11-07,2025-09-04,0,part,1,{}
5674,5674,,http://short-circuits.sandbox.anybotics.com/part/5674/,datasheet,2025-09-04,0,part,1,{}
5675,5675,,https://www.vishay.com/docs/20043/crcwhpe3.pdf,2023-11-07,2025-09-04,0,part,1,{}
5676,5676,,http://short-circuits.sandbox.anybotics.com/part/5676/,datasheet,2025-09-04,0,part,1,{}
5677,5677,,https://www.vishay.com/docs/20043/crcwhpe3.pdf,2023-11-07,2025-09-04,0,part,1,{}
5678,5678,,http://short-circuits.sandbox.anybotics.com/part/5678/,datasheet,2025-09-04,0,part,1,{}
5679,5679,,https://www.vishay.com/docs/20043/crcwhpe3.pdf,2023-11-07,2025-09-04,0,part,1,{}
5680,5680,,http://short-circuits.sandbox.anybotics.com/part/5680/,datasheet,2025-09-04,0,part,1,{}
5681,5681,,https://www.vishay.com/docs/20043/crcwhpe3.pdf,2023-11-07,2025-09-04,0,part,1,{}
5682,5682,,http://short-circuits.sandbox.anybotics.com/part/5682/,datasheet,2025-09-04,0,part,1,{}
5683,5683,,https://www.vishay.com/docs/20043/crcwhpe3.pdf,2023-11-07,2025-09-04,0,part,1,{}
5684,5684,,http://short-circuits.sandbox.anybotics.com/part/5684/,datasheet,2025-09-04,0,part,1,{}
5685,5685,,https://www.vishay.com/docs/20043/crcwhpe3.pdf,2023-11-07,2025-09-04,0,part,1,{}
5686,5686,,http://short-circuits.sandbox.anybotics.com/part/5686/,datasheet,2025-09-04,0,part,1,{}
5687,5687,,https://www.vishay.com/docs/20043/crcwhpe3.pdf,2023-11-07,2025-09-04,0,part,1,{}
5688,5688,,http://short-circuits.sandbox.anybotics.com/part/5688/,datasheet,2025-09-04,0,part,1,{}
5689,5689,,https://www.vishay.com/docs/20043/crcwhpe3.pdf,2023-11-07,2025-09-04,0,part,1,{}
5690,5690,,http://short-circuits.sandbox.anybotics.com/part/5690/,datasheet,2025-09-04,0,part,1,{}
5691,5691,,https://www.st.com/content/ccc/resource/technical/document/datasheet/group3/3b/30/7a/d0/ac/d2/4c/a8/DM00359642/files/DM00359642.pdf/jcr:content/translations/en.DM00359642.pdf,February 2017 Rev 1,2025-09-04,0,part,1,{}
