id,name,description,keywords,IPN,link,image,minimum_stock,units,trackable,purchaseable,salable,active,notes,bom_checksum,bom_checked_date,bom_checked_by_id,category_id,default_location_id,default_supplier_id,is_template,variant_of_id,assembly,component,virtual,revision,creation_date,creation_user_id,level,lft,rght,tree_id,default_expiry,base_cost,multiple,metadata,barcode_data,barcode_hash,last_stocktake,responsible_owner_id,locked,revision_of_id,testable
5448,R_0603_HP_10R0_F_75V_100ppmK_generic,High Power Resistor 0603 10 Ω 1 % 75V 100ppmK generic,,005448-5448,http://short-circuits.sandbox.anybotics.com/part/5448/,,0,,false,true,false,true,,,,,85,,,false,,false,false,false,0,2025-09-04,1,0,5448,5449,1,0,0,1,{},,,,,false,,false
5449,R_0603_HP_10R0_F_75V_100ppmK_VishayDale_CRCW060310R0FKEAHP,High Power Resistor 0603 10 Ω 1 % 75V 100ppmK VishayDale CRCW060310R0FKEAHP,,005449-5449,http://short-circuits.sandbox.anybotics.com/part/5449/,,0,,false,true,false,true,,,,,86,,,false,,false,false,false,0,2025-09-04,1,0,5449,5450,1,0,0,1,{},,,,,false,,false
5450,R_0603_HP_11R0_F_75V_100ppmK_generic,High Power Resistor 0603 11 Ω 1 % 75V 100ppmK generic,,005450-5450,http://short-circuits.sandbox.anybotics.com/part/5450/,,0,,false,true,false,true,,,,,85,,,false,,false,false,false,0,2025-09-04,1,0,5450,5451,1,0,0,1,{},,,,,false,,false
5451,R_0603_HP_11R0_F_75V_100ppmK_VishayDale_CRCW060311R0FKEAHP,High Power Resistor 0603 11 Ω 1 % 75V 100ppmK VishayDale CRCW060311R0FKEAHP,,005451-5451,http://short-circuits.sandbox.anybotics.com/part/5451/,,0,,false,true,false,true,,,,,86,,,false,,false,false,false,0,2025-09-04,1,0,5451,5452,1,0,0,1,{},,,,,false,,false
5452,R_0603_HP_12R0_F_75V_100ppmK_generic,High Power Resistor 0603 12 Ω 1 % 75V 100ppmK generic,,005452-5452,http://short-circuits.sandbox.anybotics.com/part/5452/,,0,,false,true,false,true,,,,,85,,,false,,false,false,false,0,2025-09-04,1,0,5452,5453,1,0,0,1,{},,,,,false,,false
5453,R_0603_HP_12R0_F_75V_100ppmK_VishayDale_CRCW060312R0FKEAHP,High Power Resistor 0603 12 Ω 1 % 75V 100ppmK VishayDale CRCW060312R0FKEAHP,,005453-5453,http://short-circuits.sandbox.anybotics.com/part/5453/,,0,,false,true,false,true,,,,,86,,,false,,false,false,false,0,2025-09-04,1,0,5453,5454,1,0,0,1,{},,,,,false,,false
5454,R_0603_HP_13R0_F_75V_100ppmK_generic,High Power Resistor 0603 13 Ω 1 % 75V 100ppmK generic,,005454-5454,http://short-circuits.sandbox.anybotics.com/part/5454/,,0,,false,true,false,true,,,,,85,,,false,,false,false,false,0,2025-09-04,1,0,5454,5455,1,0,0,1,{},,,,,false,,false
5455,R_0603_HP_13R0_F_75V_100ppmK_VishayDale_CRCW060313R0FKEAHP,High Power Resistor 0603 13 Ω 1 % 75V 100ppmK VishayDale CRCW060313R0FKEAHP,,005455-5455,http://short-circuits.sandbox.anybotics.com/part/5455/,,0,,false,true,false,true,,,,,86,,,false,,false,false,false,0,2025-09-04,1,0,5455,5456,1,0,0,1,{},,,,,false,,false
5456,R_0603_HP_15R0_F_75V_100ppmK_generic,High Power Resistor 0603 15 Ω 1 % 75V 100ppmK generic,,005456-5456,http://short-circuits.sandbox.anybotics.com/part/5456/,,0,,false,true,false,true,,,,,85,,,false,,false,false,false,0,2025-09-04,1,0,5456,5457,1,0,0,1,{},,,,,false,,false
5457,R_0603_HP_15R0_F_75V_100ppmK_VishayDale_CRCW060315R0FKEAHP,High Power Resistor 0603 15 Ω 1 % 75V 100ppmK VishayDale CRCW060315R0FKEAHP,,005457-5457,http://short-circuits.sandbox.anybotics.com/part/5457/,,0,,false,true,false,true,,,,,86,,,false,,false,false,false,0,2025-09-04,1,0,5457,5458,1,0,0,1,{},,,,,false,,false
5458,R_0603_HP_16R0_F_75V_100ppmK_generic,High Power Resistor 0603 16 Ω 1 % 75V 100ppmK generic,,005458-5458,http://short-circuits.sandbox.anybotics.com/part/5458/,,0,,false,true,false,true,,,,,85,,,false,,false,false,false,0,2025-09-04,1,0,5458,5459,1,0,0,1,{},,,,,false,,false
5459,R_0603_HP_16R0_F_75V_100ppmK_VishayDale_CRCW060316R0FKEAHP,High Power Resistor 0603 16 Ω 1 % 75V 100ppmK VishayDale CRCW060316R0FKEAHP,,005459-5459,http://short-circuits.sandbox.anybotics.com/part/5459/,,0,,false,true,false,true,,,,,86,,,false,,false,false,false,0,2025-09-04,1,0,5459,5460,1,0,0,1,{},,,,,false,,false
5460,R_0603_HP_18R0_F_75V_100ppmK_generic,High Power Resistor 0603 18 Ω 1 % 75V 100ppmK generic,,005460-5460,http://short-circuits.sandbox.anybotics.com/part/5460/,,0,,false,true,false,true,,,,,85,,,false,,false,false,false,0,2025-09-04,1,0,5460,5461,1,0,0,1,{},,,,,false,,false
5461,R_0603_HP_18R0_F_75V_100ppmK_VishayDale_CRCW060318R0FKEAHP,High Power Resistor 0603 18 Ω 1 % 75V 100ppmK VishayDale CRCW060318R0FKEAHP,,005461-5461,http://short-circuits.sandbox.anybotics.com/part/5461/,,0,,false,true,false,true,,,,,86,,,false,,false,false,false,0,2025-09-04,1,0,5461,5462,1,0,0,1,{},,,,,false,,false
5462,R_0603_HP_20R0_F_75V_100ppmK_generic,High Power Resistor 0603 20 Ω 1 % 75V 100ppmK generic,,005462-5462,http://short-circuits.sandbox.anybotics.com/part/5462/,,0,,false,true,false,true,,,,,85,,,false,,false,false,false,0,2025-09-04,1,0,5462,5463,1,0,0,1,{},,,,,false,,false
5463,R_0603_HP_20R0_F_75V_100ppmK_VishayDale_CRCW060320R0FKEAHP,High Power Resistor 0603 20 Ω 1 % 75V 100ppmK VishayDale CRCW060320R0FKEAHP,,005463-5463,http://short-circuits.sandbox.anybotics.com/part/5463/,,0,,false,true,false,true,,,,,86,,,false,,false,false,false,0,2025-09-04,1,0,5463,5464,1,0,0,1,{},,,,,false,,false
5464,R_0603_HP_22R0_F_75V_100ppmK_generic,High Power Resistor 0603 22 Ω 1 % 75V 100ppmK generic,,005464-5464,http://short-circuits.sandbox.anybotics.com/part/5464/,,0,,false,true,false,true,,,,,85,,,false,,false,false,false,0,2025-09-04,1,0,5464,5465,1,0,0,1,{},,,,,false,,false
5465,R_0603_HP_22R0_F_75V_100ppmK_VishayDale_CRCW060322R0FKEAHP,High Power Resistor 0603 22 Ω 1 % 75V 100ppmK VishayDale CRCW060322R0FKEAHP,,005465-5465,http://short-circuits.sandbox.anybotics.com/part/5465/,,0,,false,true,false,true,,,,,86,,,false,,false,false,false,0,2025-09-04,1,0,5465,5466,1,0,0,1,{},,,,,false,,false
5466,R_0603_HP_24R0_F_75V_100ppmK_generic,High Power Resistor 0603 24 Ω 1 % 75V 100ppmK generic,,005466-5466,http://short-circuits.sandbox.anybotics.com/part/5466/,,0,,false,true,false,true,,,,,85,,,false,,false,false,false,0,2025-09-04,1,0,5466,5467,1,0,0,1,{},,,,,false,,false
5467,R_0603_HP_24R0_F_75V_100ppmK_VishayDale_CRCW060324R0FKEAHP,High Power Resistor 0603 24 Ω 1 % 75V 100ppmK VishayDale CRCW060324R0FKEAHP,,005467-5467,http://short-circuits.sandbox.anybotics.com/part/5467/,,0,,false,true,false,true,,,,,86,,,false,,false,false,false,0,2025-09-04,1,0,5467,5468,1,0,0,1,{},,,,,false,,false
5468,R_0603_HP_27R0_F_75V_100ppmK_generic,High Power Resistor 0603 27 Ω 1 % 75V 100ppmK generic,,005468-5468,http://short-circuits.sandbox.anybotics.com/part/5468/,,0,,false,true,false,true,,,,,85,,,false,,false,false,false,0,2025-09-04,1,0,5468,5469,1,0,0,1,{},,,,,false,,false
5469,R_0603_HP_27R0_F_75V_100ppmK_VishayDale_CRCW060327R0FKEAHP,High Power Resistor 0603 27 Ω 1 % 75V 100ppmK VishayDale CRCW060327R0FKEAHP,,005469-5469,http://short-circuits.sandbox.anybotics.com/part/5469/,,0,,false,true,false,true,,,,,86,,,false,,false,false,false,0,2025-09-04,1,0,5469,5470,1,0,0,1,{},,,,,false,,false
5470,R_0603_HP_30R0_F_75V_100ppmK_generic,High Power Resistor 0603 30 Ω 1 % 75V 100ppmK generic,,005470-5470,http://short-circuits.sandbox.anybotics.com/part/5470/,,0,,false,true,false,true,,,,,85,,,false,,false,false,false,0,2025-09-04,1,0,5470,5471,1,0,0,1,{},,,,,false,,false
5471,R_0603_HP_30R0_F_75V_100ppmK_VishayDale_CRCW060330R0FKEAHP,High Power Resistor 0603 30 Ω 1 % 75V 100ppmK VishayDale CRCW060330R0FKEAHP,,005471-5471,http://short-circuits.sandbox.anybotics.com/part/5471/,,0,,false,true,false,true,,,,,86,,,false,,false,false,false,0,2025-09-04,1,0,5471,5472,1,0,0,1,{},,,,,false,,false
5472,R_0603_HP_33R0_F_75V_100ppmK_generic,High Power Resistor 0603 33 Ω 1 % 75V 100ppmK generic,,005472-5472,http://short-circuits.sandbox.anybotics.com/part/5472/,,0,,false,true,false,true,,,,,85,,,false,,false,false,false,0,2025-09-04,1,0,5472,5473,1,0,0,1,{},,,,,false,,false
5473,R_0603_HP_33R0_F_75V_100ppmK_VishayDale_CRCW060333R0FKEAHP,High Power Resistor 0603 33 Ω 1 % 75V 100ppmK VishayDale CRCW060333R0FKEAHP,,005473-5473,http://short-circuits.sandbox.anybotics.com/part/5473/,,0,,false,true,false,true,,,,,86,,,false,,false,false,false,0,2025-09-04,1,0,5473,5474,1,0,0,1,{},,,,,false,,false
5474,R_0603_HP_36R0_F_75V_100ppmK_generic,High Power Resistor 0603 36 Ω 1 % 75V 100ppmK generic,,005474-5474,http://short-circuits.sandbox.anybotics.com/part/5474/,,0,,false,true,false,true,,,,,85,,,false,,false,false,false,0,2025-09-04,1,0,5474,5475,1,0,0,1,{},,,,,false,,false
5475,R_0603_HP_36R0_F_75V_100ppmK_VishayDale_CRCW060336R0FKEAHP,High Power Resistor 0603 36 Ω 1 % 75V 100ppmK VishayDale CRCW060336R0FKEAHP,,005475-5475,http://short-circuits.sandbox.anybotics.com/part/5475/,,0,,false,true,false,true,,,,,86,,,false,,false,false,false,0,2025-09-04,1,0,5475,5476,1,0,0,1,{},,,,,false,,false
5476,R_0603_HP_39R0_F_75V_100ppmK_generic,High Power Resistor 0603 39 Ω 1 % 75V 100ppmK generic,,005476-5476,http://short-circuits.sandbox.anybotics.com/part/5476/,,0,,false,true,false,true,,,,,85,,,false,,false,false,false,0,2025-09-04,1,0,5476,5477,1,0,0,1,{},,,,,false,,false
5477,R_0603_HP_39R0_F_75V_100ppmK_VishayDale_CRCW060339R0FKEAHP,High Power Resistor 0603 39 Ω 1 % 75V 100ppmK VishayDale CRCW060339R0FKEAHP,,005477-5477,http://short-circuits.sandbox.anybotics.com/part/5477/,,0,,false,true,false,true,,,,,86,,,false,,false,false,false,0,2025-09-04,1,0,5477,5478,1,0,0,1,{},,,,,false,,false
5478,R_0603_HP_43R0_F_75V_100ppmK_generic,High Power Resistor 0603 43 Ω 1 % 75V 100ppmK generic,,005478-5478,http://short-circuits.sandbox.anybotics.com/part/5478/,,0,,false,true,false,true,,,,,85,,,false,,false,false,false,0,2025-09-04,1,0,5478,5479,1,0,0,1,{},,,,,false,,false
5479,R_0603_HP_43R0_F_75V_100ppmK_VishayDale_CRCW060343R0FKEAHP,High Power Resistor 0603 43 Ω 1 % 75V 100ppmK VishayDale CRCW060343R0FKEAHP,,005479-5479,http://short-circuits.sandbox.anybotics.com/part/5479/,,0,,false,true,false,true,,,,,86,,,false,,false,false,false,0,2025-09-04,1,0,5479,5480,1,0,0,1,{},,,,,false,,false
5480,R_0603_HP_47R0_F_75V_100ppmK_generic,High Power Resistor 0603 47 Ω 1 % 75V 100ppmK generic,,005480-5480,http://short-circuits.sandbox.anybotics.com/part/5480/,,0,,false,true,false,true,,,,,85,,,false,,false,false,false,0,2025-09-04,1,0,5480,5481,1,0,0,1,{},,,,,false,,false
5481,R_0603_HP_47R0_F_75V_100ppmK_VishayDale_CRCW060347R0FKEAHP,High Power Resistor 0603 47 Ω 1 % 75V 100ppmK VishayDale CRCW060347R0FKEAHP,,005481-5481,http://short-circuits.sandbox.anybotics.com/part/5481/,,0,,false,true,false,true,,,,,86,,,false,,false,false,false,0,2025-09-04,1,0,5481,5482,1,0,0,1,{},,,,,false,,false
5482,R_0603_HP_51R0_F_75V_100ppmK_generic,High Power Resistor 0603 51 Ω 1 % 75V 100ppmK generic,,005482-5482,http://short-circuits.sandbox.anybotics.com/part/5482/,,0,,false,true,false,true,,,,,85,,,false,,false,false,false,0,2025-09-04,1,0,5482,5483,1,0,0,1,{},,,,,false,,false
5483,R_0603_HP_51R0_F_75V_100ppmK_VishayDale_CRCW060351R0FKEAHP,High Power Resistor 0603 51 Ω 1 % 75V 100ppmK VishayDale CRCW060351R0FKEAHP,,005483-5483,http://short-circuits.sandbox.anybotics.com/part/5483/,,0,,false,true,false,true,,,,,86,,,false,,false,false,false,0,2025-09-04,1,0,5483,5484,1,0,0,1,{},,,,,false,,false
5484,R_0603_HP_56R0_F_75V_100ppmK_generic,High Power Resistor 0603 56 Ω 1 % 75V 100ppmK generic,,005484-5484,http://short-circuits.sandbox.anybotics.com/part/5484/,,0,,false,true,false,true,,,,,85,,,false,,false,false,false,0,2025-09-04,1,0,5484,5485,1,0,0,1,{},,,,,false,,false
5485,R_0603_HP_56R0_F_75V_100ppmK_VishayDale_CRCW060356R0FKEAHP,High Power Resistor 0603 56 Ω 1 % 75V 100ppmK VishayDale CRCW060356R0FKEAHP,,005485-5485,http://short-circuits.sandbox.anybotics.com/part/5485/,,0,,false,true,false,true,,,,,86,,,false,,false,false,false,0,2025-09-04,1,0,5485,5486,1,0,0,1,{},,,,,false,,false
5486,R_0603_HP_62R0_F_75V_100ppmK_generic,High Power Resistor 0603 62 Ω 1 % 75V 100ppmK generic,,005486-5486,http://short-circuits.sandbox.anybotics.com/part/5486/,,0,,false,true,false,true,,,,,85,,,false,,false,false,false,0,2025-09-04,1,0,5486,5487,1,0,0,1,{},,,,,false,,false
5487,R_0603_HP_62R0_F_75V_100ppmK_VishayDale_CRCW060362R0FKEAHP,High Power Resistor 0603 62 Ω 1 % 75V 100ppmK VishayDale CRCW060362R0FKEAHP,,005487-5487,http://short-circuits.sandbox.anybotics.com/part/5487/,,0,,false,true,false,true,,,,,86,,,false,,false,false,false,0,2025-09-04,1,0,5487,5488,1,0,0,1,{},,,,,false,,false
5488,R_0603_HP_68R0_F_75V_100ppmK_generic,High Power Resistor 0603 68 Ω 1 % 75V 100ppmK generic,,005488-5488,http://short-circuits.sandbox.anybotics.com/part/5488/,,0,,false,true,false,true,,,,,85,,,false,,false,false,false,0,2025-09-04,1,0,5488,5489,1,0,0,1,{},,,,,false,,false
5489,R_0603_HP_68R0_F_75V_100ppmK_VishayDale_CRCW060368R0FKEAHP,High Power Resistor 0603 68 Ω 1 % 75V 100ppmK VishayDale CRCW060368R0FKEAHP,,005489-5489,http://short-circuits.sandbox.anybotics.com/part/5489/,,0,,false,true,false,true,,,,,86,,,false,,false,false,false,0,2025-09-04,1,0,5489,5490,1,0,0,1,{},,,,,false,,false
5490,R_0603_HP_75R0_F_75V_100ppmK_generic,High Power Resistor 0603 75 Ω 1 % 75V 100ppmK generic,,005490-5490,http://short-circuits.sandbox.anybotics.com/part/5490/,,0,,false,true,false,true,,,,,85,,,false,,false,false,false,0,2025-09-04,1,0,5490,5491,1,0,0,1,{},,,,,false,,false
5491,R_0603_HP_75R0_F_75V_100ppmK_VishayDale_CRCW060375R0FKEAHP,High Power Resistor 0603 75 Ω 1 % 75V 100ppmK VishayDale CRCW060375R0FKEAHP,,005491-5491,http://short-circuits.sandbox.anybotics.com/part/5491/,,0,,false,true,false,true,,,,,86,,,false,,false,false,false,0,2025-09-04,1,0,5491,5492,1,0,0,1,{},,,,,false,,false
5492,R_0603_HP_82R0_F_75V_100ppmK_generic,High Power Resistor 0603 82 Ω 1 % 75V 100ppmK generic,,005492-5492,http://short-circuits.sandbox.anybotics.com/part/5492/,,0,,false,true,false,true,,,,,85,,,false,,false,false,false,0,2025-09-04,1,0,5492,5493,1,0,0,1,{},,,,,false,,false
5493,R_0603_HP_82R0_F_75V_100ppmK_VishayDale_CRCW060382R0FKEAHP,High Power Resistor 0603 82 Ω 1 % 75V 100ppmK VishayDale CRCW060382R0FKEAHP,,005493-5493,http://short-circuits.sandbox.anybotics.com/part/5493/,,0,,false,true,false,true,,,,,86,,,false,,false,false,false,0,2025-09-04,1,0,5493,5494,1,0,0,1,{},,,,,false,,false
5494,R_0603_HP_91R0_F_75V_100ppmK_generic,High Power Resistor 0603 91 Ω 1 % 75V 100ppmK generic,,005494-5494,http://short-circuits.sandbox.anybotics.com/part/5494/,,0,,false,true,false,true,,,,,85,,,false,,false,false,false,0,2025-09-04,1,0,5494,5495,1,0,0,1,{},,,,,false,,false
5495,R_0603_HP_91R0_F_75V_100ppmK_VishayDale_CRCW060391R0FKEAHP,High Power Resistor 0603 91 Ω 1 % 75V 100ppmK VishayDale CRCW060391R0FKEAHP,,005495-5495,http://short-circuits.sandbox.anybotics.com/part/5495/,,0,,false,true,false,true,,,,,86,,,false,,false,false,false,0,2025-09-04,1,0,5495,5496,1,0,0,1,{},,,,,false,,false
5496,R_0603_HP_100R0_F_75V_100ppmK_generic,High Power Resistor 0603 100 Ω 1 % 75V 100ppmK generic,,005496-5496,http://short-circuits.sandbox.anybotics.com/part/5496/,,0,,false,true,false,true,,,,,85,,,false,,false,false,false,0,2025-09-04,1,0,5496,5497,1,0,0,1,{},,,,,false,,false
5497,R_0603_HP_100R0_F_75V_100ppmK_VishayDale_CRCW0603100RFKEAHP,High Power Resistor 0603 100 Ω 1 % 75V 100ppmK VishayDale CRCW0603100RFKEAHP,,005497-5497,http://short-circuits.sandbox.anybotics.com/part/5497/,,0,,false,true,false,true,,,,,86,,,false,,false,false,false,0,2025-09-04,1,0,5497,5498,1,0,0,1,{},,,,,false,,false
5498,R_0603_HP_110R0_F_75V_100ppmK_generic,High Power Resistor 0603 110 Ω 1 % 75V 100ppmK generic,,005498-5498,http://short-circuits.sandbox.anybotics.com/part/5498/,,0,,false,true,false,true,,,,,85,,,false,,false,false,false,0,2025-09-04,1,0,5498,5499,1,0,0,1,{},,,,,false,,false
5499,R_0603_HP_110R0_F_75V_100ppmK_VishayDale_CRCW0603110RFKEAHP,High Power Resistor 0603 110 Ω 1 % 75V 100ppmK VishayDale CRCW0603110RFKEAHP,,005499-5499,http://short-circuits.sandbox.anybotics.com/part/5499/,,0,,false,true,false,true,,,,,86,,,false,,false,false,false,0,2025-09-04,1,0,5499,5500,1,0,0,1,{},,,,,false,,false
5500,R_0603_HP_120R0_F_75V_100ppmK_generic,High Power Resistor 0603 120 Ω 1 % 75V 100ppmK generic,,005500-5500,http://short-circuits.sandbox.anybotics.com/part/5500/,,0,,false,true,false,true,,,,,85,,,false,,false,false,false,0,2025-09-04,1,0,5500,5501,1,0,0,1,{},,,,,false,,false
5501,R_0603_HP_120R0_F_75V_100ppmK_VishayDale_CRCW0603120RFKEAHP,High Power Resistor 0603 120 Ω 1 % 75V 100ppmK VishayDale CRCW0603120RFKEAHP,,005501-5501,http://short-circuits.sandbox.anybotics.com/part/5501/,,0,,false,true,false,true,,,,,86,,,false,,false,false,false,0,2025-09-04,1,0,5501,5502,1,0,0,1,{},,,,,false,,false
5502,R_0603_HP_130R0_F_75V_100ppmK_generic,High Power Resistor 0603 130 Ω 1 % 75V 100ppmK generic,,005502-5502,http://short-circuits.sandbox.anybotics.com/part/5502/,,0,,false,true,false,true,,,,,85,,,false,,false,false,false,0,2025-09-04,1,0,5502,5503,1,0,0,1,{},,,,,false,,false
5503,R_0603_HP_130R0_F_75V_100ppmK_VishayDale_CRCW0603130RFKEAHP,High Power Resistor 0603 130 Ω 1 % 75V 100ppmK VishayDale CRCW0603130RFKEAHP,,005503-5503,http://short-circuits.sandbox.anybotics.com/part/5503/,,0,,false,true,false,true,,,,,86,,,false,,false,false,false,0,2025-09-04,1,0,5503,5504,1,0,0,1,{},,,,,false,,false
5504,R_0603_HP_150R0_F_75V_100ppmK_generic,High Power Resistor 0603 150 Ω 1 % 75V 100ppmK generic,,005504-5504,http://short-circuits.sandbox.anybotics.com/part/5504/,,0,,false,true,false,true,,,,,85,,,false,,false,false,false,0,2025-09-04,1,0,5504,5505,1,0,0,1,{},,,,,false,,false
5505,R_0603_HP_150R0_F_75V_100ppmK_VishayDale_CRCW0603150RFKEAHP,High Power Resistor 0603 150 Ω 1 % 75V 100ppmK VishayDale CRCW0603150RFKEAHP,,005505-5505,http://short-circuits.sandbox.anybotics.com/part/5505/,,0,,false,true,false,true,,,,,86,,,false,,false,false,false,0,2025-09-04,1,0,5505,5506,1,0,0,1,{},,,,,false,,false
5506,R_0603_HP_160R0_F_75V_100ppmK_generic,High Power Resistor 0603 160 Ω 1 % 75V 100ppmK generic,,005506-5506,http://short-circuits.sandbox.anybotics.com/part/5506/,,0,,false,true,false,true,,,,,85,,,false,,false,false,false,0,2025-09-04,1,0,5506,5507,1,0,0,1,{},,,,,false,,false
5507,R_0603_HP_160R0_F_75V_100ppmK_VishayDale_CRCW0603160RFKEAHP,High Power Resistor 0603 160 Ω 1 % 75V 100ppmK VishayDale CRCW0603160RFKEAHP,,005507-5507,http://short-circuits.sandbox.anybotics.com/part/5507/,,0,,false,true,false,true,,,,,86,,,false,,false,false,false,0,2025-09-04,1,0,5507,5508,1,0,0,1,{},,,,,false,,false
5508,R_0603_HP_180R0_F_75V_100ppmK_generic,High Power Resistor 0603 180 Ω 1 % 75V 100ppmK generic,,005508-5508,http://short-circuits.sandbox.anybotics.com/part/5508/,,0,,false,true,false,true,,,,,85,,,false,,false,false,false,0,2025-09-04,1,0,5508,5509,1,0,0,1,{},,,,,false,,false
5509,R_0603_HP_180R0_F_75V_100ppmK_VishayDale_CRCW0603180RFKEAHP,High Power Resistor 0603 180 Ω 1 % 75V 100ppmK VishayDale CRCW0603180RFKEAHP,,005509-5509,http://short-circuits.sandbox.anybotics.com/part/5509/,,0,,false,true,false,true,,,,,86,,,false,,false,false,false,0,2025-09-04,1,0,5509,5510,1,0,0,1,{},,,,,false,,false
5510,R_0603_HP_200R0_F_75V_100ppmK_generic,High Power Resistor 0603 200 Ω 1 % 75V 100ppmK generic,,005510-5510,http://short-circuits.sandbox.anybotics.com/part/5510/,,0,,false,true,false,true,,,,,85,,,false,,false,false,false,0,2025-09-04,1,0,5510,5511,1,0,0,1,{},,,,,false,,false
5511,R_0603_HP_200R0_F_75V_100ppmK_VishayDale_CRCW0603200RFKEAHP,High Power Resistor 0603 200 Ω 1 % 75V 100ppmK VishayDale CRCW0603200RFKEAHP,,005511-5511,http://short-circuits.sandbox.anybotics.com/part/5511/,,0,,false,true,false,true,,,,,86,,,false,,false,false,false,0,2025-09-04,1,0,5511,5512,1,0,0,1,{},,,,,false,,false
5512,R_0603_HP_220R0_F_75V_100ppmK_generic,High Power Resistor 0603 220 Ω 1 % 75V 100ppmK generic,,005512-5512,http://short-circuits.sandbox.anybotics.com/part/5512/,,0,,false,true,false,true,,,,,85,,,false,,false,false,false,0,2025-09-04,1,0,5512,5513,1,0,0,1,{},,,,,false,,false
5513,R_0603_HP_220R0_F_75V_100ppmK_VishayDale_CRCW0603220RFKEAHP,High Power Resistor 0603 220 Ω 1 % 75V 100ppmK VishayDale CRCW0603220RFKEAHP,,005513-5513,http://short-circuits.sandbox.anybotics.com/part/5513/,,0,,false,true,false,true,,,,,86,,,false,,false,false,false,0,2025-09-04,1,0,5513,5514,1,0,0,1,{},,,,,false,,false
5514,R_0603_HP_240R0_F_75V_100ppmK_generic,High Power Resistor 0603 240 Ω 1 % 75V 100ppmK generic,,005514-5514,http://short-circuits.sandbox.anybotics.com/part/5514/,,0,,false,true,false,true,,,,,85,,,false,,false,false,false,0,2025-09-04,1,0,5514,5515,1,0,0,1,{},,,,,false,,false
5515,R_0603_HP_240R0_F_75V_100ppmK_VishayDale_CRCW0603240RFKEAHP,High Power Resistor 0603 240 Ω 1 % 75V 100ppmK VishayDale CRCW0603240RFKEAHP,,005515-5515,http://short-circuits.sandbox.anybotics.com/part/5515/,,0,,false,true,false,true,,,,,86,,,false,,false,false,false,0,2025-09-04,1,0,5515,5516,1,0,0,1,{},,,,,false,,false
5516,R_0603_HP_270R0_F_75V_100ppmK_generic,High Power Resistor 0603 270 Ω 1 % 75V 100ppmK generic,,005516-5516,http://short-circuits.sandbox.anybotics.com/part/5516/,,0,,false,true,false,true,,,,,85,,,false,,false,false,false,0,2025-09-04,1,0,5516,5517,1,0,0,1,{},,,,,false,,false
5517,R_0603_HP_270R0_F_75V_100ppmK_VishayDale_CRCW0603270RFKEAHP,High Power Resistor 0603 270 Ω 1 % 75V 100ppmK VishayDale CRCW0603270RFKEAHP,,005517-5517,http://short-circuits.sandbox.anybotics.com/part/5517/,,0,,false,true,false,true,,,,,86,,,false,,false,false,false,0,2025-09-04,1,0,5517,5518,1,0,0,1,{},,,,,false,,false
5518,R_0603_HP_300R0_F_75V_100ppmK_generic,High Power Resistor 0603 300 Ω 1 % 75V 100ppmK generic,,005518-5518,http://short-circuits.sandbox.anybotics.com/part/5518/,,0,,false,true,false,true,,,,,85,,,false,,false,false,false,0,2025-09-04,1,0,5518,5519,1,0,0,1,{},,,,,false,,false
5519,R_0603_HP_300R0_F_75V_100ppmK_VishayDale_CRCW0603300RFKEAHP,High Power Resistor 0603 300 Ω 1 % 75V 100ppmK VishayDale CRCW0603300RFKEAHP,,005519-5519,http://short-circuits.sandbox.anybotics.com/part/5519/,,0,,false,true,false,true,,,,,86,,,false,,false,false,false,0,2025-09-04,1,0,5519,5520,1,0,0,1,{},,,,,false,,false
5520,R_0603_HP_330R0_F_75V_100ppmK_generic,High Power Resistor 0603 330 Ω 1 % 75V 100ppmK generic,,005520-5520,http://short-circuits.sandbox.anybotics.com/part/5520/,,0,,false,true,false,true,,,,,85,,,false,,false,false,false,0,2025-09-04,1,0,5520,5521,1,0,0,1,{},,,,,false,,false
5521,R_0603_HP_330R0_F_75V_100ppmK_VishayDale_CRCW0603330RFKEAHP,High Power Resistor 0603 330 Ω 1 % 75V 100ppmK VishayDale CRCW0603330RFKEAHP,,005521-5521,http://short-circuits.sandbox.anybotics.com/part/5521/,,0,,false,true,false,true,,,,,86,,,false,,false,false,false,0,2025-09-04,1,0,5521,5522,1,0,0,1,{},,,,,false,,false
5522,R_0603_HP_360R0_F_75V_100ppmK_generic,High Power Resistor 0603 360 Ω 1 % 75V 100ppmK generic,,005522-5522,http://short-circuits.sandbox.anybotics.com/part/5522/,,0,,false,true,false,true,,,,,85,,,false,,false,false,false,0,2025-09-04,1,0,5522,5523,1,0,0,1,{},,,,,false,,false
5523,R_0603_HP_360R0_F_75V_100ppmK_VishayDale_CRCW0603360RFKEAHP,High Power Resistor 0603 360 Ω 1 % 75V 100ppmK VishayDale CRCW0603360RFKEAHP,,005523-5523,http://short-circuits.sandbox.anybotics.com/part/5523/,,0,,false,true,false,true,,,,,86,,,false,,false,false,false,0,2025-09-04,1,0,5523,5524,1,0,0,1,{},,,,,false,,false
5524,R_0603_HP_390R0_F_75V_100ppmK_generic,High Power Resistor 0603 390 Ω 1 % 75V 100ppmK generic,,005524-5524,http://short-circuits.sandbox.anybotics.com/part/5524/,,0,,false,true,false,true,,,,,85,,,false,,false,false,false,0,2025-09-04,1,0,5524,5525,1,0,0,1,{},,,,,false,,false
5525,R_0603_HP_390R0_F_75V_100ppmK_VishayDale_CRCW0603390RFKEAHP,High Power Resistor 0603 390 Ω 1 % 75V 100ppmK VishayDale CRCW0603390RFKEAHP,,005525-5525,http://short-circuits.sandbox.anybotics.com/part/5525/,,0,,false,true,false,true,,,,,86,,,false,,false,false,false,0,2025-09-04,1,0,5525,5526,1,0,0,1,{},,,,,false,,false
5526,R_0603_HP_430R0_F_75V_100ppmK_generic,High Power Resistor 0603 430 Ω 1 % 75V 100ppmK generic,,005526-5526,http://short-circuits.sandbox.anybotics.com/part/5526/,,0,,false,true,false,true,,,,,85,,,false,,false,false,false,0,2025-09-04,1,0,5526,5527,1,0,0,1,{},,,,,false,,false
5527,R_0603_HP_430R0_F_75V_100ppmK_VishayDale_CRCW0603430RFKEAHP,High Power Resistor 0603 430 Ω 1 % 75V 100ppmK VishayDale CRCW0603430RFKEAHP,,005527-5527,http://short-circuits.sandbox.anybotics.com/part/5527/,,0,,false,true,false,true,,,,,86,,,false,,false,false,false,0,2025-09-04,1,0,5527,5528,1,0,0,1,{},,,,,false,,false
5528,R_0603_HP_470R0_F_75V_100ppmK_generic,High Power Resistor 0603 470 Ω 1 % 75V 100ppmK generic,,005528-5528,http://short-circuits.sandbox.anybotics.com/part/5528/,,0,,false,true,false,true,,,,,85,,,false,,false,false,false,0,2025-09-04,1,0,5528,5529,1,0,0,1,{},,,,,false,,false
5529,R_0603_HP_470R0_F_75V_100ppmK_VishayDale_CRCW0603470RFKEAHP,High Power Resistor 0603 470 Ω 1 % 75V 100ppmK VishayDale CRCW0603470RFKEAHP,,005529-5529,http://short-circuits.sandbox.anybotics.com/part/5529/,,0,,false,true,false,true,,,,,86,,,false,,false,false,false,0,2025-09-04,1,0,5529,5530,1,0,0,1,{},,,,,false,,false
5530,R_0603_HP_510R0_F_75V_100ppmK_generic,High Power Resistor 0603 510 Ω 1 % 75V 100ppmK generic,,005530-5530,http://short-circuits.sandbox.anybotics.com/part/5530/,,0,,false,true,false,true,,,,,85,,,false,,false,false,false,0,2025-09-04,1,0,5530,5531,1,0,0,1,{},,,,,false,,false
5531,R_0603_HP_510R0_F_75V_100ppmK_VishayDale_CRCW0603510RFKEAHP,High Power Resistor 0603 510 Ω 1 % 75V 100ppmK VishayDale CRCW0603510RFKEAHP,,005531-5531,http://short-circuits.sandbox.anybotics.com/part/5531/,,0,,false,true,false,true,,,,,86,,,false,,false,false,false,0,2025-09-04,1,0,5531,5532,1,0,0,1,{},,,,,false,,false
5532,R_0603_HP_560R0_F_75V_100ppmK_generic,High Power Resistor 0603 560 Ω 1 % 75V 100ppmK generic,,005532-5532,http://short-circuits.sandbox.anybotics.com/part/5532/,,0,,false,true,false,true,,,,,85,,,false,,false,false,false,0,2025-09-04,1,0,5532,5533,1,0,0,1,{},,,,,false,,false
5533,R_0603_HP_560R0_F_75V_100ppmK_VishayDale_CRCW0603560RFKEAHP,High Power Resistor 0603 560 Ω 1 % 75V 100ppmK VishayDale CRCW0603560RFKEAHP,,005533-5533,http://short-circuits.sandbox.anybotics.com/part/5533/,,0,,false,true,false,true,,,,,86,,,false,,false,false,false,0,2025-09-04,1,0,5533,5534,1,0,0,1,{},,,,,false,,false
5534,R_0603_HP_620R0_F_75V_100ppmK_generic,High Power Resistor 0603 620 Ω 1 % 75V 100ppmK generic,,005534-5534,http://short-circuits.sandbox.anybotics.com/part/5534/,,0,,false,true,false,true,,,,,85,,,false,,false,false,false,0,2025-09-04,1,0,5534,5535,1,0,0,1,{},,,,,false,,false
5535,R_0603_HP_620R0_F_75V_100ppmK_VishayDale_CRCW0603620RFKEAHP,High Power Resistor 0603 620 Ω 1 % 75V 100ppmK VishayDale CRCW0603620RFKEAHP,,005535-5535,http://short-circuits.sandbox.anybotics.com/part/5535/,,0,,false,true,false,true,,,,,86,,,false,,false,false,false,0,2025-09-04,1,0,5535,5536,1,0,0,1,{},,,,,false,,false
5536,R_0603_HP_680R0_F_75V_100ppmK_generic,High Power Resistor 0603 680 Ω 1 % 75V 100ppmK generic,,005536-5536,http://short-circuits.sandbox.anybotics.com/part/5536/,,0,,false,true,false,true,,,,,85,,,false,,false,false,false,0,2025-09-04,1,0,5536,5537,1,0,0,1,{},,,,,false,,false
5537,R_0603_HP_680R0_F_75V_100ppmK_VishayDale_CRCW0603680RFKEAHP,High Power Resistor 0603 680 Ω 1 % 75V 100ppmK VishayDale CRCW0603680RFKEAHP,,005537-5537,http://short-circuits.sandbox.anybotics.com/part/5537/,,0,,false,true,false,true,,,,,86,,,false,,false,false,false,0,2025-09-04,1,0,5537,5538,1,0,0,1,{},,,,,false,,false
5538,R_0603_HP_750R0_F_75V_100ppmK_generic,High Power Resistor 0603 750 Ω 1 % 75V 100ppmK generic,,005538-5538,http://short-circuits.sandbox.anybotics.com/part/5538/,,0,,false,true,false,true,,,,,85,,,false,,false,false,false,0,2025-09-04,1,0,5538,5539,1,0,0,1,{},,,,,false,,false
5539,R_0603_HP_750R0_F_75V_100ppmK_VishayDale_CRCW0603750RFKEAHP,High Power Resistor 0603 750 Ω 1 % 75V 100ppmK VishayDale CRCW0603750RFKEAHP,,005539-5539,http://short-circuits.sandbox.anybotics.com/part/5539/,,0,,false,true,false,true,,,,,86,,,false,,false,false,false,0,2025-09-04,1,0,5539,5540,1,0,0,1,{},,,,,false,,false
5540,R_0603_HP_820R0_F_75V_100ppmK_generic,High Power Resistor 0603 820 Ω 1 % 75V 100ppmK generic,,005540-5540,http://short-circuits.sandbox.anybotics.com/part/5540/,,0,,false,true,false,true,,,,,85,,,false,,false,false,false,0,2025-09-04,1,0,5540,5541,1,0,0,1,{},,,,,false,,false
5541,R_0603_HP_820R0_F_75V_100ppmK_VishayDale_CRCW0603820RFKEAHP,High Power Resistor 0603 820 Ω 1 % 75V 100ppmK VishayDale CRCW0603820RFKEAHP,,005541-5541,http://short-circuits.sandbox.anybotics.com/part/5541/,,0,,false,true,false,true,,,,,86,,,false,,false,false,false,0,2025-09-04,1,0,5541,5542,1,0,0,1,{},,,,,false,,false
5542,R_0603_HP_910R0_F_75V_100ppmK_generic,High Power Resistor 0603 910 Ω 1 % 75V 100ppmK generic,,005542-5542,http://short-circuits.sandbox.anybotics.com/part/5542/,,0,,false,true,false,true,,,,,85,,,false,,false,false,false,0,2025-09-04,1,0,5542,5543,1,0,0,1,{},,,,,false,,false
5543,R_0603_HP_910R0_F_75V_100ppmK_VishayDale_CRCW0603910RFKEAHP,High Power Resistor 0603 910 Ω 1 % 75V 100ppmK VishayDale CRCW0603910RFKEAHP,,005543-5543,http://short-circuits.sandbox.anybotics.com/part/5543/,,0,,false,true,false,true,,,,,86,,,false,,false,false,false,0,2025-09-04,1,0,5543,5544,1,0,0,1,{},,,,,false,,false
5544,R_0603_HP_1k0_F_75V_100ppmK_generic,High Power Resistor 0603 1 kΩ 1 % 75V 100ppmK generic,,005544-5544,http://short-circuits.sandbox.anybotics.com/part/5544/,,0,,false,true,false,true,,,,,85,,,false,,false,false,false,0,2025-09-04,1,0,5544,5545,1,0,0,1,{},,,,,false,,false
5545,R_0603_HP_1k0_F_75V_100ppmK_VishayDale_CRCW06031K00FKEAHP,High Power Resistor 0603 1 kΩ 1 % 75V 100ppmK VishayDale CRCW06031K00FKEAHP,,005545-5545,http://short-circuits.sandbox.anybotics.com/part/5545/,,0,,false,true,false,true,,,,,86,,,false,,false,false,false,0,2025-09-04,1,0,5545,5546,1,0,0,1,{},,,,,false,,false
5546,R_0603_HP_1k1_F_75V_100ppmK_generic,High Power Resistor 0603 1.1 kΩ 1 % 75V 100ppmK generic,,005546-5546,http://short-circuits.sandbox.anybotics.com/part/5546/,,0,,false,true,false,true,,,,,85,,,false,,false,false,false,0,2025-09-04,1,0,5546,5547,1,0,0,1,{},,,,,false,,false
5547,R_0603_HP_1k1_F_75V_100ppmK_VishayDale_CRCW06031K10FKEAHP,High Power Resistor 0603 1.1 kΩ 1 % 75V 100ppmK VishayDale CRCW06031K10FKEAHP,,005547-5547,http://short-circuits.sandbox.anybotics.com/part/5547/,,0,,false,true,false,true,,,,,86,,,false,,false,false,false,0,2025-09-04,1,0,5547,5548,1,0,0,1,{},,,,,false,,false
5548,R_0603_HP_1k2_F_75V_100ppmK_generic,High Power Resistor 0603 1.2 kΩ 1 % 75V 100ppmK generic,,005548-5548,http://short-circuits.sandbox.anybotics.com/part/5548/,,0,,false,true,false,true,,,,,85,,,false,,false,false,false,0,2025-09-04,1,0,5548,5549,1,0,0,1,{},,,,,false,,false
5549,R_0603_HP_1k2_F_75V_100ppmK_VishayDale_CRCW06031K20FKEAHP,High Power Resistor 0603 1.2 kΩ 1 % 75V 100ppmK VishayDale CRCW06031K20FKEAHP,,005549-5549,http://short-circuits.sandbox.anybotics.com/part/5549/,,0,,false,true,false,true,,,,,86,,,false,,false,false,false,0,2025-09-04,1,0,5549,5550,1,0,0,1,{},,,,,false,,false
5550,R_0603_HP_1k3_F_75V_100ppmK_generic,High Power Resistor 0603 1.3 kΩ 1 % 75V 100ppmK generic,,005550-5550,http://short-circuits.sandbox.anybotics.com/part/5550/,,0,,false,true,false,true,,,,,85,,,false,,false,false,false,0,2025-09-04,1,0,5550,5551,1,0,0,1,{},,,,,false,,false
5551,R_0603_HP_1k3_F_75V_100ppmK_VishayDale_CRCW06031K30FKEAHP,High Power Resistor 0603 1.3 kΩ 1 % 75V 100ppmK VishayDale CRCW06031K30FKEAHP,,005551-5551,http://short-circuits.sandbox.anybotics.com/part/5551/,,0,,false,true,false,true,,,,,86,,,false,,false,false,false,0,2025-09-04,1,0,5551,5552,1,0,0,1,{},,,,,false,,false
5552,R_0603_HP_1k5_F_75V_100ppmK_generic,High Power Resistor 0603 1.5 kΩ 1 % 75V 100ppmK generic,,005552-5552,http://short-circuits.sandbox.anybotics.com/part/5552/,,0,,false,true,false,true,,,,,85,,,false,,false,false,false,0,2025-09-04,1,0,5552,5553,1,0,0,1,{},,,,,false,,false
5553,R_0603_HP_1k5_F_75V_100ppmK_VishayDale_CRCW06031K50FKEAHP,High Power Resistor 0603 1.5 kΩ 1 % 75V 100ppmK VishayDale CRCW06031K50FKEAHP,,005553-5553,http://short-circuits.sandbox.anybotics.com/part/5553/,,0,,false,true,false,true,,,,,86,,,false,,false,false,false,0,2025-09-04,1,0,5553,5554,1,0,0,1,{},,,,,false,,false
5554,R_0603_HP_1k6_F_75V_100ppmK_generic,High Power Resistor 0603 1.6 kΩ 1 % 75V 100ppmK generic,,005554-5554,http://short-circuits.sandbox.anybotics.com/part/5554/,,0,,false,true,false,true,,,,,85,,,false,,false,false,false,0,2025-09-04,1,0,5554,5555,1,0,0,1,{},,,,,false,,false
5555,R_0603_HP_1k6_F_75V_100ppmK_VishayDale_CRCW06031K60FKEAHP,High Power Resistor 0603 1.6 kΩ 1 % 75V 100ppmK VishayDale CRCW06031K60FKEAHP,,005555-5555,http://short-circuits.sandbox.anybotics.com/part/5555/,,0,,false,true,false,true,,,,,86,,,false,,false,false,false,0,2025-09-04,1,0,5555,5556,1,0,0,1,{},,,,,false,,false
5556,R_0603_HP_1k8_F_75V_100ppmK_generic,High Power Resistor 0603 1.8 kΩ 1 % 75V 100ppmK generic,,005556-5556,http://short-circuits.sandbox.anybotics.com/part/5556/,,0,,false,true,false,true,,,,,85,,,false,,false,false,false,0,2025-09-04,1,0,5556,5557,1,0,0,1,{},,,,,false,,false
5557,R_0603_HP_1k8_F_75V_100ppmK_VishayDale_CRCW06031K80FKEAHP,High Power Resistor 0603 1.8 kΩ 1 % 75V 100ppmK VishayDale CRCW06031K80FKEAHP,,005557-5557,http://short-circuits.sandbox.anybotics.com/part/5557/,,0,,false,true,false,true,,,,,86,,,false,,false,false,false,0,2025-09-04,1,0,5557,5558,1,0,0,1,{},,,,,false,,false
5558,R_0603_HP_2k0_F_75V_100ppmK_generic,High Power Resistor 0603 2 kΩ 1 % 75V 100ppmK generic,,005558-5558,http://short-circuits.sandbox.anybotics.com/part/5558/,,0,,false,true,false,true,,,,,85,,,false,,false,false,false,0,2025-09-04,1,0,5558,5559,1,0,0,1,{},,,,,false,,false
5559,R_0603_HP_2k0_F_75V_100ppmK_VishayDale_CRCW06032K00FKEAHP,High Power Resistor 0603 2 kΩ 1 % 75V 100ppmK VishayDale CRCW06032K00FKEAHP,,005559-5559,http://short-circuits.sandbox.anybotics.com/part/5559/,,0,,false,true,false,true,,,,,86,,,false,,false,false,false,0,2025-09-04,1,0,5559,5560,1,0,0,1,{},,,,,false,,false
5560,R_0603_HP_2k2_F_75V_100ppmK_generic,High Power Resistor 0603 2.2 kΩ 1 % 75V 100ppmK generic,,005560-5560,http://short-circuits.sandbox.anybotics.com/part/5560/,,0,,false,true,false,true,,,,,85,,,false,,false,false,false,0,2025-09-04,1,0,5560,5561,1,0,0,1,{},,,,,false,,false
5561,R_0603_HP_2k2_F_75V_100ppmK_VishayDale_CRCW06032K20FKEAHP,High Power Resistor 0603 2.2 kΩ 1 % 75V 100ppmK VishayDale CRCW06032K20FKEAHP,,005561-5561,http://short-circuits.sandbox.anybotics.com/part/5561/,,0,,false,true,false,true,,,,,86,,,false,,false,false,false,0,2025-09-04,1,0,5561,5562,1,0,0,1,{},,,,,false,,false
5562,R_0603_HP_2k4_F_75V_100ppmK_generic,High Power Resistor 0603 2.4 kΩ 1 % 75V 100ppmK generic,,005562-5562,http://short-circuits.sandbox.anybotics.com/part/5562/,,0,,false,true,false,true,,,,,85,,,false,,false,false,false,0,2025-09-04,1,0,5562,5563,1,0,0,1,{},,,,,false,,false
5563,R_0603_HP_2k4_F_75V_100ppmK_VishayDale_CRCW06032K40FKEAHP,High Power Resistor 0603 2.4 kΩ 1 % 75V 100ppmK VishayDale CRCW06032K40FKEAHP,,005563-5563,http://short-circuits.sandbox.anybotics.com/part/5563/,,0,,false,true,false,true,,,,,86,,,false,,false,false,false,0,2025-09-04,1,0,5563,5564,1,0,0,1,{},,,,,false,,false
5564,R_0603_HP_2k7_F_75V_100ppmK_generic,High Power Resistor 0603 2.7 kΩ 1 % 75V 100ppmK generic,,005564-5564,http://short-circuits.sandbox.anybotics.com/part/5564/,,0,,false,true,false,true,,,,,85,,,false,,false,false,false,0,2025-09-04,1,0,5564,5565,1,0,0,1,{},,,,,false,,false
5565,R_0603_HP_2k7_F_75V_100ppmK_VishayDale_CRCW06032K70FKEAHP,High Power Resistor 0603 2.7 kΩ 1 % 75V 100ppmK VishayDale CRCW06032K70FKEAHP,,005565-5565,http://short-circuits.sandbox.anybotics.com/part/5565/,,0,,false,true,false,true,,,,,86,,,false,,false,false,false,0,2025-09-04,1,0,5565,5566,1,0,0,1,{},,,,,false,,false
5566,R_0603_HP_3k0_F_75V_100ppmK_generic,High Power Resistor 0603 3 kΩ 1 % 75V 100ppmK generic,,005566-5566,http://short-circuits.sandbox.anybotics.com/part/5566/,,0,,false,true,false,true,,,,,85,,,false,,false,false,false,0,2025-09-04,1,0,5566,5567,1,0,0,1,{},,,,,false,,false
5567,R_0603_HP_3k0_F_75V_100ppmK_VishayDale_CRCW06033K00FKEAHP,High Power Resistor 0603 3 kΩ 1 % 75V 100ppmK VishayDale CRCW06033K00FKEAHP,,005567-5567,http://short-circuits.sandbox.anybotics.com/part/5567/,,0,,false,true,false,true,,,,,86,,,false,,false,false,false,0,2025-09-04,1,0,5567,5568,1,0,0,1,{},,,,,false,,false
5568,R_0603_HP_3k3_F_75V_100ppmK_generic,High Power Resistor 0603 3.3 kΩ 1 % 75V 100ppmK generic,,005568-5568,http://short-circuits.sandbox.anybotics.com/part/5568/,,0,,false,true,false,true,,,,,85,,,false,,false,false,false,0,2025-09-04,1,0,5568,5569,1,0,0,1,{},,,,,false,,false
5569,R_0603_HP_3k3_F_75V_100ppmK_VishayDale_CRCW06033K30FKEAHP,High Power Resistor 0603 3.3 kΩ 1 % 75V 100ppmK VishayDale CRCW06033K30FKEAHP,,005569-5569,http://short-circuits.sandbox.anybotics.com/part/5569/,,0,,false,true,false,true,,,,,86,,,false,,false,false,false,0,2025-09-04,1,0,5569,5570,1,0,0,1,{},,,,,false,,false
5570,R_0603_HP_3k6_F_75V_100ppmK_generic,High Power Resistor 0603 3.6 kΩ 1 % 75V 100ppmK generic,,005570-5570,http://short-circuits.sandbox.anybotics.com/part/5570/,,0,,false,true,false,true,,,,,85,,,false,,false,false,false,0,2025-09-04,1,0,5570,5571,1,0,0,1,{},,,,,false,,false
5571,R_0603_HP_3k6_F_75V_100ppmK_VishayDale_CRCW06033K60FKEAHP,High Power Resistor 0603 3.6 kΩ 1 % 75V 100ppmK VishayDale CRCW06033K60FKEAHP,,005571-5571,http://short-circuits.sandbox.anybotics.com/part/5571/,,0,,false,true,false,true,,,,,86,,,false,,false,false,false,0,2025-09-04,1,0,5571,5572,1,0,0,1,{},,,,,false,,false
5572,R_0603_HP_3k9_F_75V_100ppmK_generic,High Power Resistor 0603 3.9 kΩ 1 % 75V 100ppmK generic,,005572-5572,http://short-circuits.sandbox.anybotics.com/part/5572/,,0,,false,true,false,true,,,,,85,,,false,,false,false,false,0,2025-09-04,1,0,5572,5573,1,0,0,1,{},,,,,false,,false
5573,R_0603_HP_3k9_F_75V_100ppmK_VishayDale_CRCW06033K90FKEAHP,High Power Resistor 0603 3.9 kΩ 1 % 75V 100ppmK VishayDale CRCW06033K90FKEAHP,,005573-5573,http://short-circuits.sandbox.anybotics.com/part/5573/,,0,,false,true,false,true,,,,,86,,,false,,false,false,false,0,2025-09-04,1,0,5573,5574,1,0,0,1,{},,,,,false,,false
5574,R_0603_HP_4k3_F_75V_100ppmK_generic,High Power Resistor 0603 4.3 kΩ 1 % 75V 100ppmK generic,,005574-5574,http://short-circuits.sandbox.anybotics.com/part/5574/,,0,,false,true,false,true,,,,,85,,,false,,false,false,false,0,2025-09-04,1,0,5574,5575,1,0,0,1,{},,,,,false,,false
5575,R_0603_HP_4k3_F_75V_100ppmK_VishayDale_CRCW06034K30FKEAHP,High Power Resistor 0603 4.3 kΩ 1 % 75V 100ppmK VishayDale CRCW06034K30FKEAHP,,005575-5575,http://short-circuits.sandbox.anybotics.com/part/5575/,,0,,false,true,false,true,,,,,86,,,false,,false,false,false,0,2025-09-04,1,0,5575,5576,1,0,0,1,{},,,,,false,,false
5576,R_0603_HP_4k7_F_75V_100ppmK_generic,High Power Resistor 0603 4.7 kΩ 1 % 75V 100ppmK generic,,005576-5576,http://short-circuits.sandbox.anybotics.com/part/5576/,,0,,false,true,false,true,,,,,85,,,false,,false,false,false,0,2025-09-04,1,0,5576,5577,1,0,0,1,{},,,,,false,,false
5577,R_0603_HP_4k7_F_75V_100ppmK_VishayDale_CRCW06034K70FKEAHP,High Power Resistor 0603 4.7 kΩ 1 % 75V 100ppmK VishayDale CRCW06034K70FKEAHP,,005577-5577,http://short-circuits.sandbox.anybotics.com/part/5577/,,0,,false,true,false,true,,,,,86,,,false,,false,false,false,0,2025-09-04,1,0,5577,5578,1,0,0,1,{},,,,,false,,false
5578,R_0603_HP_5k1_F_75V_100ppmK_generic,High Power Resistor 0603 5.1 kΩ 1 % 75V 100ppmK generic,,005578-5578,http://short-circuits.sandbox.anybotics.com/part/5578/,,0,,false,true,false,true,,,,,85,,,false,,false,false,false,0,2025-09-04,1,0,5578,5579,1,0,0,1,{},,,,,false,,false
5579,R_0603_HP_5k1_F_75V_100ppmK_VishayDale_CRCW06035K10FKEAHP,High Power Resistor 0603 5.1 kΩ 1 % 75V 100ppmK VishayDale CRCW06035K10FKEAHP,,005579-5579,http://short-circuits.sandbox.anybotics.com/part/5579/,,0,,false,true,false,true,,,,,86,,,false,,false,false,false,0,2025-09-04,1,0,5579,5580,1,0,0,1,{},,,,,false,,false
5580,R_0603_HP_5k6_F_75V_100ppmK_generic,High Power Resistor 0603 5.6 kΩ 1 % 75V 100ppmK generic,,005580-5580,http://short-circuits.sandbox.anybotics.com/part/5580/,,0,,false,true,false,true,,,,,85,,,false,,false,false,false,0,2025-09-04,1,0,5580,5581,1,0,0,1,{},,,,,false,,false
5581,R_0603_HP_5k6_F_75V_100ppmK_VishayDale_CRCW06035K60FKEAHP,High Power Resistor 0603 5.6 kΩ 1 % 75V 100ppmK VishayDale CRCW06035K60FKEAHP,,005581-5581,http://short-circuits.sandbox.anybotics.com/part/5581/,,0,,false,true,false,true,,,,,86,,,false,,false,false,false,0,2025-09-04,1,0,5581,5582,1,0,0,1,{},,,,,false,,false
5582,R_0603_HP_6k2_F_75V_100ppmK_generic,High Power Resistor 0603 6.2 kΩ 1 % 75V 100ppmK generic,,005582-5582,http://short-circuits.sandbox.anybotics.com/part/5582/,,0,,false,true,false,true,,,,,85,,,false,,false,false,false,0,2025-09-04,1,0,5582,5583,1,0,0,1,{},,,,,false,,false
5583,R_0603_HP_6k2_F_75V_100ppmK_VishayDale_CRCW06036K20FKEAHP,High Power Resistor 0603 6.2 kΩ 1 % 75V 100ppmK VishayDale CRCW06036K20FKEAHP,,005583-5583,http://short-circuits.sandbox.anybotics.com/part/5583/,,0,,false,true,false,true,,,,,86,,,false,,false,false,false,0,2025-09-04,1,0,5583,5584,1,0,0,1,{},,,,,false,,false
5584,R_0603_HP_6k8_F_75V_100ppmK_generic,High Power Resistor 0603 6.8 kΩ 1 % 75V 100ppmK generic,,005584-5584,http://short-circuits.sandbox.anybotics.com/part/5584/,,0,,false,true,false,true,,,,,85,,,false,,false,false,false,0,2025-09-04,1,0,5584,5585,1,0,0,1,{},,,,,false,,false
5585,R_0603_HP_6k8_F_75V_100ppmK_VishayDale_CRCW06036K80FKEAHP,High Power Resistor 0603 6.8 kΩ 1 % 75V 100ppmK VishayDale CRCW06036K80FKEAHP,,005585-5585,http://short-circuits.sandbox.anybotics.com/part/5585/,,0,,false,true,false,true,,,,,86,,,false,,false,false,false,0,2025-09-04,1,0,5585,5586,1,0,0,1,{},,,,,false,,false
5586,R_0603_HP_7k5_F_75V_100ppmK_generic,High Power Resistor 0603 7.5 kΩ 1 % 75V 100ppmK generic,,005586-5586,http://short-circuits.sandbox.anybotics.com/part/5586/,,0,,false,true,false,true,,,,,85,,,false,,false,false,false,0,2025-09-04,1,0,5586,5587,1,0,0,1,{},,,,,false,,false
5587,R_0603_HP_7k5_F_75V_100ppmK_VishayDale_CRCW06037K50FKEAHP,High Power Resistor 0603 7.5 kΩ 1 % 75V 100ppmK VishayDale CRCW06037K50FKEAHP,,005587-5587,http://short-circuits.sandbox.anybotics.com/part/5587/,,0,,false,true,false,true,,,,,86,,,false,,false,false,false,0,2025-09-04,1,0,5587,5588,1,0,0,1,{},,,,,false,,false
5588,R_0603_HP_8k2_F_75V_100ppmK_generic,High Power Resistor 0603 8.2 kΩ 1 % 75V 100ppmK generic,,005588-5588,http://short-circuits.sandbox.anybotics.com/part/5588/,,0,,false,true,false,true,,,,,85,,,false,,false,false,false,0,2025-09-04,1,0,5588,5589,1,0,0,1,{},,,,,false,,false
5589,R_0603_HP_8k2_F_75V_100ppmK_VishayDale_CRCW06038K20FKEAHP,High Power Resistor 0603 8.2 kΩ 1 % 75V 100ppmK VishayDale CRCW06038K20FKEAHP,,005589-5589,http://short-circuits.sandbox.anybotics.com/part/5589/,,0,,false,true,false,true,,,,,86,,,false,,false,false,false,0,2025-09-04,1,0,5589,5590,1,0,0,1,{},,,,,false,,false
5590,R_0603_HP_9k1_F_75V_100ppmK_generic,High Power Resistor 0603 9.1 kΩ 1 % 75V 100ppmK generic,,005590-5590,http://short-circuits.sandbox.anybotics.com/part/5590/,,0,,false,true,false,true,,,,,85,,,false,,false,false,false,0,2025-09-04,1,0,5590,5591,1,0,0,1,{},,,,,false,,false
5591,R_0603_HP_9k1_F_75V_100ppmK_VishayDale_CRCW06039K10FKEAHP,High Power Resistor 0603 9.1 kΩ 1 % 75V 100ppmK VishayDale CRCW06039K10FKEAHP,,005591-5591,http://short-circuits.sandbox.anybotics.com/part/5591/,,0,,false,true,false,true,,,,,86,,,false,,false,false,false,0,2025-09-04,1,0,5591,5592,1,0,0,1,{},,,,,false,,false
5592,R_0603_HP_10k0_F_75V_100ppmK_generic,High Power Resistor 0603 10 kΩ 1 % 75V 100ppmK generic,,005592-5592,http://short-circuits.sandbox.anybotics.com/part/5592/,,0,,false,true,false,true,,,,,85,,,false,,false,false,false,0,2025-09-04,1,0,5592,5593,1,0,0,1,{},,,,,false,,false
5593,R_0603_HP_10k0_F_75V_100ppmK_VishayDale_CRCW060310K0FKEAHP,High Power Resistor 0603 10 kΩ 1 % 75V 100ppmK VishayDale CRCW060310K0FKEAHP,,005593-5593,http://short-circuits.sandbox.anybotics.com/part/5593/,,0,,false,true,false,true,,,,,86,,,false,,false,false,false,0,2025-09-04,1,0,5593,5594,1,0,0,1,{},,,,,false,,false
5594,R_0603_HP_11k0_F_75V_100ppmK_generic,High Power Resistor 0603 11 kΩ 1 % 75V 100ppmK generic,,005594-5594,http://short-circuits.sandbox.anybotics.com/part/5594/,,0,,false,true,false,true,,,,,85,,,false,,false,false,false,0,2025-09-04,1,0,5594,5595,1,0,0,1,{},,,,,false,,false
5595,R_0603_HP_11k0_F_75V_100ppmK_VishayDale_CRCW060311K0FKEAHP,High Power Resistor 0603 11 kΩ 1 % 75V 100ppmK VishayDale CRCW060311K0FKEAHP,,005595-5595,http://short-circuits.sandbox.anybotics.com/part/5595/,,0,,false,true,false,true,,,,,86,,,false,,false,false,false,0,2025-09-04,1,0,5595,5596,1,0,0,1,{},,,,,false,,false
5596,R_0603_HP_12k0_F_75V_100ppmK_generic,High Power Resistor 0603 12 kΩ 1 % 75V 100ppmK generic,,005596-5596,http://short-circuits.sandbox.anybotics.com/part/5596/,,0,,false,true,false,true,,,,,85,,,false,,false,false,false,0,2025-09-04,1,0,5596,5597,1,0,0,1,{},,,,,false,,false
5597,R_0603_HP_12k0_F_75V_100ppmK_VishayDale_CRCW060312K0FKEAHP,High Power Resistor 0603 12 kΩ 1 % 75V 100ppmK VishayDale CRCW060312K0FKEAHP,,005597-5597,http://short-circuits.sandbox.anybotics.com/part/5597/,,0,,false,true,false,true,,,,,86,,,false,,false,false,false,0,2025-09-04,1,0,5597,5598,1,0,0,1,{},,,,,false,,false
5598,R_0603_HP_13k0_F_75V_100ppmK_generic,High Power Resistor 0603 13 kΩ 1 % 75V 100ppmK generic,,005598-5598,http://short-circuits.sandbox.anybotics.com/part/5598/,,0,,false,true,false,true,,,,,85,,,false,,false,false,false,0,2025-09-04,1,0,5598,5599,1,0,0,1,{},,,,,false,,false
5599,R_0603_HP_13k0_F_75V_100ppmK_VishayDale_CRCW060313K0FKEAHP,High Power Resistor 0603 13 kΩ 1 % 75V 100ppmK VishayDale CRCW060313K0FKEAHP,,005599-5599,http://short-circuits.sandbox.anybotics.com/part/5599/,,0,,false,true,false,true,,,,,86,,,false,,false,false,false,0,2025-09-04,1,0,5599,5600,1,0,0,1,{},,,,,false,,false
5600,R_0603_HP_15k0_F_75V_100ppmK_generic,High Power Resistor 0603 15 kΩ 1 % 75V 100ppmK generic,,005600-5600,http://short-circuits.sandbox.anybotics.com/part/5600/,,0,,false,true,false,true,,,,,85,,,false,,false,false,false,0,2025-09-04,1,0,5600,5601,1,0,0,1,{},,,,,false,,false
5601,R_0603_HP_15k0_F_75V_100ppmK_VishayDale_CRCW060315K0FKEAHP,High Power Resistor 0603 15 kΩ 1 % 75V 100ppmK VishayDale CRCW060315K0FKEAHP,,005601-5601,http://short-circuits.sandbox.anybotics.com/part/5601/,,0,,false,true,false,true,,,,,86,,,false,,false,false,false,0,2025-09-04,1,0,5601,5602,1,0,0,1,{},,,,,false,,false
5602,R_0603_HP_16k0_F_75V_100ppmK_generic,High Power Resistor 0603 16 kΩ 1 % 75V 100ppmK generic,,005602-5602,http://short-circuits.sandbox.anybotics.com/part/5602/,,0,,false,true,false,true,,,,,85,,,false,,false,false,false,0,2025-09-04,1,0,5602,5603,1,0,0,1,{},,,,,false,,false
5603,R_0603_HP_16k0_F_75V_100ppmK_VishayDale_CRCW060316K0FKEAHP,High Power Resistor 0603 16 kΩ 1 % 75V 100ppmK VishayDale CRCW060316K0FKEAHP,,005603-5603,http://short-circuits.sandbox.anybotics.com/part/5603/,,0,,false,true,false,true,,,,,86,,,false,,false,false,false,0,2025-09-04,1,0,5603,5604,1,0,0,1,{},,,,,false,,false
5604,R_0603_HP_18k0_F_75V_100ppmK_generic,High Power Resistor 0603 18 kΩ 1 % 75V 100ppmK generic,,005604-5604,http://short-circuits.sandbox.anybotics.com/part/5604/,,0,,false,true,false,true,,,,,85,,,false,,false,false,false,0,2025-09-04,1,0,5604,5605,1,0,0,1,{},,,,,false,,false
5605,R_0603_HP_18k0_F_75V_100ppmK_VishayDale_CRCW060318K0FKEAHP,High Power Resistor 0603 18 kΩ 1 % 75V 100ppmK VishayDale CRCW060318K0FKEAHP,,005605-5605,http://short-circuits.sandbox.anybotics.com/part/5605/,,0,,false,true,false,true,,,,,86,,,false,,false,false,false,0,2025-09-04,1,0,5605,5606,1,0,0,1,{},,,,,false,,false
5606,R_0603_HP_20k0_F_75V_100ppmK_generic,High Power Resistor 0603 20 kΩ 1 % 75V 100ppmK generic,,005606-5606,http://short-circuits.sandbox.anybotics.com/part/5606/,,0,,false,true,false,true,,,,,85,,,false,,false,false,false,0,2025-09-04,1,0,5606,5607,1,0,0,1,{},,,,,false,,false
5607,R_0603_HP_20k0_F_75V_100ppmK_VishayDale_CRCW060320K0FKEAHP,High Power Resistor 0603 20 kΩ 1 % 75V 100ppmK VishayDale CRCW060320K0FKEAHP,,005607-5607,http://short-circuits.sandbox.anybotics.com/part/5607/,,0,,false,true,false,true,,,,,86,,,false,,false,false,false,0,2025-09-04,1,0,5607,5608,1,0,0,1,{},,,,,false,,false
5608,R_0603_HP_22k0_F_75V_100ppmK_generic,High Power Resistor 0603 22 kΩ 1 % 75V 100ppmK generic,,005608-5608,http://short-circuits.sandbox.anybotics.com/part/5608/,,0,,false,true,false,true,,,,,85,,,false,,false,false,false,0,2025-09-04,1,0,5608,5609,1,0,0,1,{},,,,,false,,false
5609,R_0603_HP_22k0_F_75V_100ppmK_VishayDale_CRCW060322K0FKEAHP,High Power Resistor 0603 22 kΩ 1 % 75V 100ppmK VishayDale CRCW060322K0FKEAHP,,005609-5609,http://short-circuits.sandbox.anybotics.com/part/5609/,,0,,false,true,false,true,,,,,86,,,false,,false,false,false,0,2025-09-04,1,0,5609,5610,1,0,0,1,{},,,,,false,,false
5610,R_0603_HP_24k0_F_75V_100ppmK_generic,High Power Resistor 0603 24 kΩ 1 % 75V 100ppmK generic,,005610-5610,http://short-circuits.sandbox.anybotics.com/part/5610/,,0,,false,true,false,true,,,,,85,,,false,,false,false,false,0,2025-09-04,1,0,5610,5611,1,0,0,1,{},,,,,false,,false
5611,R_0603_HP_24k0_F_75V_100ppmK_VishayDale_CRCW060324K0FKEAHP,High Power Resistor 0603 24 kΩ 1 % 75V 100ppmK VishayDale CRCW060324K0FKEAHP,,005611-5611,http://short-circuits.sandbox.anybotics.com/part/5611/,,0,,false,true,false,true,,,,,86,,,false,,false,false,false,0,2025-09-04,1,0,5611,5612,1,0,0,1,{},,,,,false,,false
5612,R_0603_HP_27k0_F_75V_100ppmK_generic,High Power Resistor 0603 27 kΩ 1 % 75V 100ppmK generic,,005612-5612,http://short-circuits.sandbox.anybotics.com/part/5612/,,0,,false,true,false,true,,,,,85,,,false,,false,false,false,0,2025-09-04,1,0,5612,5613,1,0,0,1,{},,,,,false,,false
5613,R_0603_HP_27k0_F_75V_100ppmK_VishayDale_CRCW060327K0FKEAHP,High Power Resistor 0603 27 kΩ 1 % 75V 100ppmK VishayDale CRCW060327K0FKEAHP,,005613-5613,http://short-circuits.sandbox.anybotics.com/part/5613/,,0,,false,true,false,true,,,,,86,,,false,,false,false,false,0,2025-09-04,1,0,5613,5614,1,0,0,1,{},,,,,false,,false
5614,R_0603_HP_30k0_F_75V_100ppmK_generic,High Power Resistor 0603 30 kΩ 1 % 75V 100ppmK generic,,005614-5614,http://short-circuits.sandbox.anybotics.com/part/5614/,,0,,false,true,false,true,,,,,85,,,false,,false,false,false,0,2025-09-04,1,0,5614,5615,1,0,0,1,{},,,,,false,,false
5615,R_0603_HP_30k0_F_75V_100ppmK_VishayDale_CRCW060330K0FKEAHP,High Power Resistor 0603 30 kΩ 1 % 75V 100ppmK VishayDale CRCW060330K0FKEAHP,,005615-5615,http://short-circuits.sandbox.anybotics.com/part/5615/,,0,,false,true,false,true,,,,,86,,,false,,false,false,false,0,2025-09-04,1,0,5615,5616,1,0,0,1,{},,,,,false,,false
5616,R_0603_HP_33k0_F_75V_100ppmK_generic,High Power Resistor 0603 33 kΩ 1 % 75V 100ppmK generic,,005616-5616,http://short-circuits.sandbox.anybotics.com/part/5616/,,0,,false,true,false,true,,,,,85,,,false,,false,false,false,0,2025-09-04,1,0,5616,5617,1,0,0,1,{},,,,,false,,false
5617,R_0603_HP_33k0_F_75V_100ppmK_VishayDale_CRCW060333K0FKEAHP,High Power Resistor 0603 33 kΩ 1 % 75V 100ppmK VishayDale CRCW060333K0FKEAHP,,005617-5617,http://short-circuits.sandbox.anybotics.com/part/5617/,,0,,false,true,false,true,,,,,86,,,false,,false,false,false,0,2025-09-04,1,0,5617,5618,1,0,0,1,{},,,,,false,,false
5618,R_0603_HP_36k0_F_75V_100ppmK_generic,High Power Resistor 0603 36 kΩ 1 % 75V 100ppmK generic,,005618-5618,http://short-circuits.sandbox.anybotics.com/part/5618/,,0,,false,true,false,true,,,,,85,,,false,,false,false,false,0,2025-09-04,1,0,5618,5619,1,0,0,1,{},,,,,false,,false
5619,R_0603_HP_36k0_F_75V_100ppmK_VishayDale_CRCW060336K0FKEAHP,High Power Resistor 0603 36 kΩ 1 % 75V 100ppmK VishayDale CRCW060336K0FKEAHP,,005619-5619,http://short-circuits.sandbox.anybotics.com/part/5619/,,0,,false,true,false,true,,,,,86,,,false,,false,false,false,0,2025-09-04,1,0,5619,5620,1,0,0,1,{},,,,,false,,false
5620,R_0603_HP_39k0_F_75V_100ppmK_generic,High Power Resistor 0603 39 kΩ 1 % 75V 100ppmK generic,,005620-5620,http://short-circuits.sandbox.anybotics.com/part/5620/,,0,,false,true,false,true,,,,,85,,,false,,false,false,false,0,2025-09-04,1,0,5620,5621,1,0,0,1,{},,,,,false,,false
5621,R_0603_HP_39k0_F_75V_100ppmK_VishayDale_CRCW060339K0FKEAHP,High Power Resistor 0603 39 kΩ 1 % 75V 100ppmK VishayDale CRCW060339K0FKEAHP,,005621-5621,http://short-circuits.sandbox.anybotics.com/part/5621/,,0,,false,true,false,true,,,,,86,,,false,,false,false,false,0,2025-09-04,1,0,5621,5622,1,0,0,1,{},,,,,false,,false
5622,R_0603_HP_43k0_F_75V_100ppmK_generic,High Power Resistor 0603 43 kΩ 1 % 75V 100ppmK generic,,005622-5622,http://short-circuits.sandbox.anybotics.com/part/5622/,,0,,false,true,false,true,,,,,85,,,false,,false,false,false,0,2025-09-04,1,0,5622,5623,1,0,0,1,{},,,,,false,,false
5623,R_0603_HP_43k0_F_75V_100ppmK_VishayDale_CRCW060343K0FKEAHP,High Power Resistor 0603 43 kΩ 1 % 75V 100ppmK VishayDale CRCW060343K0FKEAHP,,005623-5623,http://short-circuits.sandbox.anybotics.com/part/5623/,,0,,false,true,false,true,,,,,86,,,false,,false,false,false,0,2025-09-04,1,0,5623,5624,1,0,0,1,{},,,,,false,,false
5624,R_0603_HP_47k0_F_75V_100ppmK_generic,High Power Resistor 0603 47 kΩ 1 % 75V 100ppmK generic,,005624-5624,http://short-circuits.sandbox.anybotics.com/part/5624/,,0,,false,true,false,true,,,,,85,,,false,,false,false,false,0,2025-09-04,1,0,5624,5625,1,0,0,1,{},,,,,false,,false
5625,R_0603_HP_47k0_F_75V_100ppmK_VishayDale_CRCW060347K0FKEAHP,High Power Resistor 0603 47 kΩ 1 % 75V 100ppmK VishayDale CRCW060347K0FKEAHP,,005625-5625,http://short-circuits.sandbox.anybotics.com/part/5625/,,0,,false,true,false,true,,,,,86,,,false,,false,false,false,0,2025-09-04,1,0,5625,5626,1,0,0,1,{},,,,,false,,false
5626,R_0603_HP_51k0_F_75V_100ppmK_generic,High Power Resistor 0603 51 kΩ 1 % 75V 100ppmK generic,,005626-5626,http://short-circuits.sandbox.anybotics.com/part/5626/,,0,,false,true,false,true,,,,,85,,,false,,false,false,false,0,2025-09-04,1,0,5626,5627,1,0,0,1,{},,,,,false,,false
5627,R_0603_HP_51k0_F_75V_100ppmK_VishayDale_CRCW060351K0FKEAHP,High Power Resistor 0603 51 kΩ 1 % 75V 100ppmK VishayDale CRCW060351K0FKEAHP,,005627-5627,http://short-circuits.sandbox.anybotics.com/part/5627/,,0,,false,true,false,true,,,,,86,,,false,,false,false,false,0,2025-09-04,1,0,5627,5628,1,0,0,1,{},,,,,false,,false
5628,R_0603_HP_56k0_F_75V_100ppmK_generic,High Power Resistor 0603 56 kΩ 1 % 75V 100ppmK generic,,005628-5628,http://short-circuits.sandbox.anybotics.com/part/5628/,,0,,false,true,false,true,,,,,85,,,false,,false,false,false,0,2025-09-04,1,0,5628,5629,1,0,0,1,{},,,,,false,,false
5629,R_0603_HP_56k0_F_75V_100ppmK_VishayDale_CRCW060356K0FKEAHP,High Power Resistor 0603 56 kΩ 1 % 75V 100ppmK VishayDale CRCW060356K0FKEAHP,,005629-5629,http://short-circuits.sandbox.anybotics.com/part/5629/,,0,,false,true,false,true,,,,,86,,,false,,false,false,false,0,2025-09-04,1,0,5629,5630,1,0,0,1,{},,,,,false,,false
5630,R_0603_HP_62k0_F_75V_100ppmK_generic,High Power Resistor 0603 62 kΩ 1 % 75V 100ppmK generic,,005630-5630,http://short-circuits.sandbox.anybotics.com/part/5630/,,0,,false,true,false,true,,,,,85,,,false,,false,false,false,0,2025-09-04,1,0,5630,5631,1,0,0,1,{},,,,,false,,false
5631,R_0603_HP_62k0_F_75V_100ppmK_VishayDale_CRCW060362K0FKEAHP,High Power Resistor 0603 62 kΩ 1 % 75V 100ppmK VishayDale CRCW060362K0FKEAHP,,005631-5631,http://short-circuits.sandbox.anybotics.com/part/5631/,,0,,false,true,false,true,,,,,86,,,false,,false,false,false,0,2025-09-04,1,0,5631,5632,1,0,0,1,{},,,,,false,,false
5632,R_0603_HP_68k0_F_75V_100ppmK_generic,High Power Resistor 0603 68 kΩ 1 % 75V 100ppmK generic,,005632-5632,http://short-circuits.sandbox.anybotics.com/part/5632/,,0,,false,true,false,true,,,,,85,,,false,,false,false,false,0,2025-09-04,1,0,5632,5633,1,0,0,1,{},,,,,false,,false
5633,R_0603_HP_68k0_F_75V_100ppmK_VishayDale_CRCW060368K0FKEAHP,High Power Resistor 0603 68 kΩ 1 % 75V 100ppmK VishayDale CRCW060368K0FKEAHP,,005633-5633,http://short-circuits.sandbox.anybotics.com/part/5633/,,0,,false,true,false,true,,,,,86,,,false,,false,false,false,0,2025-09-04,1,0,5633,5634,1,0,0,1,{},,,,,false,,false
5634,R_0603_HP_75k0_F_75V_100ppmK_generic,High Power Resistor 0603 75 kΩ 1 % 75V 100ppmK generic,,005634-5634,http://short-circuits.sandbox.anybotics.com/part/5634/,,0,,false,true,false,true,,,,,85,,,false,,false,false,false,0,2025-09-04,1,0,5634,5635,1,0,0,1,{},,,,,false,,false
5635,R_0603_HP_75k0_F_75V_100ppmK_VishayDale_CRCW060375K0FKEAHP,High Power Resistor 0603 75 kΩ 1 % 75V 100ppmK VishayDale CRCW060375K0FKEAHP,,005635-5635,http://short-circuits.sandbox.anybotics.com/part/5635/,,0,,false,true,false,true,,,,,86,,,false,,false,false,false,0,2025-09-04,1,0,5635,5636,1,0,0,1,{},,,,,false,,false
5636,R_0603_HP_82k0_F_75V_100ppmK_generic,High Power Resistor 0603 82 kΩ 1 % 75V 100ppmK generic,,005636-5636,http://short-circuits.sandbox.anybotics.com/part/5636/,,0,,false,true,false,true,,,,,85,,,false,,false,false,false,0,2025-09-04,1,0,5636,5637,1,0,0,1,{},,,,,false,,false
5637,R_0603_HP_82k0_F_75V_100ppmK_VishayDale_CRCW060382K0FKEAHP,High Power Resistor 0603 82 kΩ 1 % 75V 100ppmK VishayDale CRCW060382K0FKEAHP,,005637-5637,http://short-circuits.sandbox.anybotics.com/part/5637/,,0,,false,true,false,true,,,,,86,,,false,,false,false,false,0,2025-09-04,1,0,5637,5638,1,0,0,1,{},,,,,false,,false
5638,R_0603_HP_91k0_F_75V_100ppmK_generic,High Power Resistor 0603 91 kΩ 1 % 75V 100ppmK generic,,005638-5638,http://short-circuits.sandbox.anybotics.com/part/5638/,,0,,false,true,false,true,,,,,85,,,false,,false,false,false,0,2025-09-04,1,0,5638,5639,1,0,0,1,{},,,,,false,,false
5639,R_0603_HP_91k0_F_75V_100ppmK_VishayDale_CRCW060391K0FKEAHP,High Power Resistor 0603 91 kΩ 1 % 75V 100ppmK VishayDale CRCW060391K0FKEAHP,,005639-5639,http://short-circuits.sandbox.anybotics.com/part/5639/,,0,,false,true,false,true,,,,,86,,,false,,false,false,false,0,2025-09-04,1,0,5639,5640,1,0,0,1,{},,,,,false,,false
5640,R_0603_HP_100k0_F_75V_100ppmK_generic,High Power Resistor 0603 100 kΩ 1 % 75V 100ppmK generic,,005640-5640,http://short-circuits.sandbox.anybotics.com/part/5640/,,0,,false,true,false,true,,,,,85,,,false,,false,false,false,0,2025-09-04,1,0,5640,5641,1,0,0,1,{},,,,,false,,false
5641,R_0603_HP_100k0_F_75V_100ppmK_VishayDale_CRCW0603100KFKEAHP,High Power Resistor 0603 100 kΩ 1 % 75V 100ppmK VishayDale CRCW0603100KFKEAHP,,005641-5641,http://short-circuits.sandbox.anybotics.com/part/5641/,,0,,false,true,false,true,,,,,86,,,false,,false,false,false,0,2025-09-04,1,0,5641,5642,1,0,0,1,{},,,,,false,,false
5642,R_0603_HP_110k0_F_75V_100ppmK_generic,High Power Resistor 0603 110 kΩ 1 % 75V 100ppmK generic,,005642-5642,http://short-circuits.sandbox.anybotics.com/part/5642/,,0,,false,true,false,true,,,,,85,,,false,,false,false,false,0,2025-09-04,1,0,5642,5643,1,0,0,1,{},,,,,false,,false
5643,R_0603_HP_110k0_F_75V_100ppmK_VishayDale_CRCW0603110KFKEAHP,High Power Resistor 0603 110 kΩ 1 % 75V 100ppmK VishayDale CRCW0603110KFKEAHP,,005643-5643,http://short-circuits.sandbox.anybotics.com/part/5643/,,0,,false,true,false,true,,,,,86,,,false,,false,false,false,0,2025-09-04,1,0,5643,5644,1,0,0,1,{},,,,,false,,false
5644,R_0603_HP_120k0_F_75V_100ppmK_generic,High Power Resistor 0603 120 kΩ 1 % 75V 100ppmK generic,,005644-5644,http://short-circuits.sandbox.anybotics.com/part/5644/,,0,,false,true,false,true,,,,,85,,,false,,false,false,false,0,2025-09-04,1,0,5644,5645,1,0,0,1,{},,,,,false,,false
5645,R_0603_HP_120k0_F_75V_100ppmK_VishayDale_CRCW0603120KFKEAHP,High Power Resistor 0603 120 kΩ 1 % 75V 100ppmK VishayDale CRCW0603120KFKEAHP,,005645-5645,http://short-circuits.sandbox.anybotics.com/part/5645/,,0,,false,true,false,true,,,,,86,,,false,,false,false,false,0,2025-09-04,1,0,5645,5646,1,0,0,1,{},,,,,false,,false
5646,R_0603_HP_130k0_F_75V_100ppmK_generic,High Power Resistor 0603 130 kΩ 1 % 75V 100ppmK generic,,005646-5646,http://short-circuits.sandbox.anybotics.com/part/5646/,,0,,false,true,false,true,,,,,85,,,false,,false,false,false,0,2025-09-04,1,0,5646,5647,1,0,0,1,{},,,,,false,,false
5647,R_0603_HP_130k0_F_75V_100ppmK_VishayDale_CRCW0603130KFKEAHP,High Power Resistor 0603 130 kΩ 1 % 75V 100ppmK VishayDale CRCW0603130KFKEAHP,,005647-5647,http://short-circuits.sandbox.anybotics.com/part/5647/,,0,,false,true,false,true,,,,,86,,,false,,false,false,false,0,2025-09-04,1,0,5647,5648,1,0,0,1,{},,,,,false,,false
5648,R_0603_HP_150k0_F_75V_100ppmK_generic,High Power Resistor 0603 150 kΩ 1 % 75V 100ppmK generic,,005648-5648,http://short-circuits.sandbox.anybotics.com/part/5648/,,0,,false,true,false,true,,,,,85,,,false,,false,false,false,0,2025-09-04,1,0,5648,5649,1,0,0,1,{},,,,,false,,false
5649,R_0603_HP_150k0_F_75V_100ppmK_VishayDale_CRCW0603150KFKEAHP,High Power Resistor 0603 150 kΩ 1 % 75V 100ppmK VishayDale CRCW0603150KFKEAHP,,005649-5649,http://short-circuits.sandbox.anybotics.com/part/5649/,,0,,false,true,false,true,,,,,86,,,false,,false,false,false,0,2025-09-04,1,0,5649,5650,1,0,0,1,{},,,,,false,,false
5650,R_0603_HP_160k0_F_75V_100ppmK_generic,High Power Resistor 0603 160 kΩ 1 % 75V 100ppmK generic,,005650-5650,http://short-circuits.sandbox.anybotics.com/part/5650/,,0,,false,true,false,true,,,,,85,,,false,,false,false,false,0,2025-09-04,1,0,5650,5651,1,0,0,1,{},,,,,false,,false
5651,R_0603_HP_160k0_F_75V_100ppmK_VishayDale_CRCW0603160KFKEAHP,High Power Resistor 0603 160 kΩ 1 % 75V 100ppmK VishayDale CRCW0603160KFKEAHP,,005651-5651,http://short-circuits.sandbox.anybotics.com/part/5651/,,0,,false,true,false,true,,,,,86,,,false,,false,false,false,0,2025-09-04,1,0,5651,5652,1,0,0,1,{},,,,,false,,false
5652,R_0603_HP_180k0_F_75V_100ppmK_generic,High Power Resistor 0603 180 kΩ 1 % 75V 100ppmK generic,,005652-5652,http://short-circuits.sandbox.anybotics.com/part/5652/,,0,,false,true,false,true,,,,,85,,,false,,false,false,false,0,2025-09-04,1,0,5652,5653,1,0,0,1,{},,,,,false,,false
5653,R_0603_HP_180k0_F_75V_100ppmK_VishayDale_CRCW0603180KFKEAHP,High Power Resistor 0603 180 kΩ 1 % 75V 100ppmK VishayDale CRCW0603180KFKEAHP,,005653-5653,http://short-circuits.sandbox.anybotics.com/part/5653/,,0,,false,true,false,true,,,,,86,,,false,,false,false,false,0,2025-09-04,1,0,5653,5654,1,0,0,1,{},,,,,false,,false
5654,R_0603_HP_200k0_F_75V_100ppmK_generic,High Power Resistor 0603 200 kΩ 1 % 75V 100ppmK generic,,005654-5654,http://short-circuits.sandbox.anybotics.com/part/5654/,,0,,false,true,false,true,,,,,85,,,false,,false,false,false,0,2025-09-04,1,0,5654,5655,1,0,0,1,{},,,,,false,,false
5655,R_0603_HP_200k0_F_75V_100ppmK_VishayDale_CRCW0603200KFKEAHP,High Power Resistor 0603 200 kΩ 1 % 75V 100ppmK VishayDale CRCW0603200KFKEAHP,,005655-5655,http://short-circuits.sandbox.anybotics.com/part/5655/,,0,,false,true,false,true,,,,,86,,,false,,false,false,false,0,2025-09-04,1,0,5655,5656,1,0,0,1,{},,,,,false,,false
5656,R_0603_HP_220k0_F_75V_100ppmK_generic,High Power Resistor 0603 220 kΩ 1 % 75V 100ppmK generic,,005656-5656,http://short-circuits.sandbox.anybotics.com/part/5656/,,0,,false,true,false,true,,,,,85,,,false,,false,false,false,0,2025-09-04,1,0,5656,5657,1,0,0,1,{},,,,,false,,false
5657,R_0603_HP_220k0_F_75V_100ppmK_VishayDale_CRCW0603220KFKEAHP,High Power Resistor 0603 220 kΩ 1 % 75V 100ppmK VishayDale CRCW0603220KFKEAHP,,005657-5657,http://short-circuits.sandbox.anybotics.com/part/5657/,,0,,false,true,false,true,,,,,86,,,false,,false,false,false,0,2025-09-04,1,0,5657,5658,1,0,0,1,{},,,,,false,,false
5658,R_0603_HP_240k0_F_75V_100ppmK_generic,High Power Resistor 0603 240 kΩ 1 % 75V 100ppmK generic,,005658-5658,http://short-circuits.sandbox.anybotics.com/part/5658/,,0,,false,true,false,true,,,,,85,,,false,,false,false,false,0,2025-09-04,1,0,5658,5659,1,0,0,1,{},,,,,false,,false
5659,R_0603_HP_240k0_F_75V_100ppmK_VishayDale_CRCW0603240KFKEAHP,High Power Resistor 0603 240 kΩ 1 % 75V 100ppmK VishayDale CRCW0603240KFKEAHP,,005659-5659,http://short-circuits.sandbox.anybotics.com/part/5659/,,0,,false,true,false,true,,,,,86,,,false,,false,false,false,0,2025-09-04,1,0,5659,5660,1,0,0,1,{},,,,,false,,false
5660,R_0603_HP_270k0_F_75V_100ppmK_generic,High Power Resistor 0603 270 kΩ 1 % 75V 100ppmK generic,,005660-5660,http://short-circuits.sandbox.anybotics.com/part/5660/,,0,,false,true,false,true,,,,,85,,,false,,false,false,false,0,2025-09-04,1,0,5660,5661,1,0,0,1,{},,,,,false,,false
5661,R_0603_HP_270k0_F_75V_100ppmK_VishayDale_CRCW0603270KFKEAHP,High Power Resistor 0603 270 kΩ 1 % 75V 100ppmK VishayDale CRCW0603270KFKEAHP,,005661-5661,http://short-circuits.sandbox.anybotics.com/part/5661/,,0,,false,true,false,true,,,,,86,,,false,,false,false,false,0,2025-09-04,1,0,5661,5662,1,0,0,1,{},,,,,false,,false
5662,R_0603_HP_300k0_F_75V_100ppmK_generic,High Power Resistor 0603 300 kΩ 1 % 75V 100ppmK generic,,005662-5662,http://short-circuits.sandbox.anybotics.com/part/5662/,,0,,false,true,false,true,,,,,85,,,false,,false,false,false,0,2025-09-04,1,0,5662,5663,1,0,0,1,{},,,,,false,,false
5663,R_0603_HP_300k0_F_75V_100ppmK_VishayDale_CRCW0603300KFKEAHP,High Power Resistor 0603 300 kΩ 1 % 75V 100ppmK VishayDale CRCW0603300KFKEAHP,,005663-5663,http://short-circuits.sandbox.anybotics.com/part/5663/,,0,,false,true,false,true,,,,,86,,,false,,false,false,false,0,2025-09-04,1,0,5663,5664,1,0,0,1,{},,,,,false,,false
5664,R_0603_HP_330k0_F_75V_100ppmK_generic,High Power Resistor 0603 330 kΩ 1 % 75V 100ppmK generic,,005664-5664,http://short-circuits.sandbox.anybotics.com/part/5664/,,0,,false,true,false,true,,,,,85,,,false,,false,false,false,0,2025-09-04,1,0,5664,5665,1,0,0,1,{},,,,,false,,false
5665,R_0603_HP_330k0_F_75V_100ppmK_VishayDale_CRCW0603330KFKEAHP,High Power Resistor 0603 330 kΩ 1 % 75V 100ppmK VishayDale CRCW0603330KFKEAHP,,005665-5665,http://short-circuits.sandbox.anybotics.com/part/5665/,,0,,false,true,false,true,,,,,86,,,false,,false,false,false,0,2025-09-04,1,0,5665,5666,1,0,0,1,{},,,,,false,,false
5666,R_0603_HP_360k0_F_75V_100ppmK_generic,High Power Resistor 0603 360 kΩ 1 % 75V 100ppmK generic,,005666-5666,http://short-circuits.sandbox.anybotics.com/part/5666/,,0,,false,true,false,true,,,,,85,,,false,,false,false,false,0,2025-09-04,1,0,5666,5667,1,0,0,1,{},,,,,false,,false
5667,R_0603_HP_360k0_F_75V_100ppmK_VishayDale_CRCW0603360KFKEAHP,High Power Resistor 0603 360 kΩ 1 % 75V 100ppmK VishayDale CRCW0603360KFKEAHP,,005667-5667,http://short-circuits.sandbox.anybotics.com/part/5667/,,0,,false,true,false,true,,,,,86,,,false,,false,false,false,0,2025-09-04,1,0,5667,5668,1,0,0,1,{},,,,,false,,false
5668,R_0603_HP_390k0_F_75V_100ppmK_generic,High Power Resistor 0603 390 kΩ 1 % 75V 100ppmK generic,,005668-5668,http://short-circuits.sandbox.anybotics.com/part/5668/,,0,,false,true,false,true,,,,,85,,,false,,false,false,false,0,2025-09-04,1,0,5668,5669,1,0,0,1,{},,,,,false,,false
5669,R_0603_HP_390k0_F_75V_100ppmK_VishayDale_CRCW0603390KFKEAHP,High Power Resistor 0603 390 kΩ 1 % 75V 100ppmK VishayDale CRCW0603390KFKEAHP,,005669-5669,http://short-circuits.sandbox.anybotics.com/part/5669/,,0,,false,true,false,true,,,,,86,,,false,,false,false,false,0,2025-09-04,1,0,5669,5670,1,0,0,1,{},,,,,false,,false
5670,R_0603_HP_430k0_F_75V_100ppmK_generic,High Power Resistor 0603 430 kΩ 1 % 75V 100ppmK generic,,005670-5670,http://short-circuits.sandbox.anybotics.com/part/5670/,,0,,false,true,false,true,,,,,85,,,false,,false,false,false,0,2025-09-04,1,0,5670,5671,1,0,0,1,{},,,,,false,,false
5671,R_0603_HP_430k0_F_75V_100ppmK_VishayDale_CRCW0603430KFKEAHP,High Power Resistor 0603 430 kΩ 1 % 75V 100ppmK VishayDale CRCW0603430KFKEAHP,,005671-5671,http://short-circuits.sandbox.anybotics.com/part/5671/,,0,,false,true,false,true,,,,,86,,,false,,false,false,false,0,2025-09-04,1,0,5671,5672,1,0,0,1,{},,,,,false,,false
5672,R_0603_HP_470k0_F_75V_100ppmK_generic,High Power Resistor 0603 470 kΩ 1 % 75V 100ppmK generic,,005672-5672,http://short-circuits.sandbox.anybotics.com/part/5672/,,0,,false,true,false,true,,,,,85,,,false,,false,false,false,0,2025-09-04,1,0,5672,5673,1,0,0,1,{},,,,,false,,false
5673,R_0603_HP_470k0_F_75V_100ppmK_VishayDale_CRCW0603470KFKEAHP,High Power Resistor 0603 470 kΩ 1 % 75V 100ppmK VishayDale CRCW0603470KFKEAHP,,005673-5673,http://short-circuits.sandbox.anybotics.com/part/5673/,,0,,false,true,false,true,,,,,86,,,false,,false,false,false,0,2025-09-04,1,0,5673,5674,1,0,0,1,{},,,,,false,,false
5674,R_0603_HP_510k0_F_75V_100ppmK_generic,High Power Resistor 0603 510 kΩ 1 % 75V 100ppmK generic,,005674-5674,http://short-circuits.sandbox.anybotics.com/part/5674/,,0,,false,true,false,true,,,,,85,,,false,,false,false,false,0,2025-09-04,1,0,5674,5675,1,0,0,1,{},,,,,false,,false
5675,R_0603_HP_510k0_F_75V_100ppmK_VishayDale_CRCW0603510KFKEAHP,High Power Resistor 0603 510 kΩ 1 % 75V 100ppmK VishayDale CRCW0603510KFKEAHP,,005675-5675,http://short-circuits.sandbox.anybotics.com/part/5675/,,0,,false,true,false,true,,,,,86,,,false,,false,false,false,0,2025-09-04,1,0,5675,5676,1,0,0,1,{},,,,,false,,false
5676,R_0603_HP_560k0_F_75V_100ppmK_generic,High Power Resistor 0603 560 kΩ 1 % 75V 100ppmK generic,,005676-5676,http://short-circuits.sandbox.anybotics.com/part/5676/,,0,,false,true,false,true,,,,,85,,,false,,false,false,false,0,2025-09-04,1,0,5676,5677,1,0,0,1,{},,,,,false,,false
5677,R_0603_HP_560k0_F_75V_100ppmK_VishayDale_CRCW0603560KFKEAHP,High Power Resistor 0603 560 kΩ 1 % 75V 100ppmK VishayDale CRCW0603560KFKEAHP,,005677-5677,http://short-circuits.sandbox.anybotics.com/part/5677/,,0,,false,true,false,true,,,,,86,,,false,,false,false,false,0,2025-09-04,1,0,5677,5678,1,0,0,1,{},,,,,false,,false
5678,R_0603_HP_620k0_F_75V_100ppmK_generic,High Power Resistor 0603 620 kΩ 1 % 75V 100ppmK generic,,005678-5678,http://short-circuits.sandbox.anybotics.com/part/5678/,,0,,false,true,false,true,,,,,85,,,false,,false,false,false,0,2025-09-04,1,0,5678,5679,1,0,0,1,{},,,,,false,,false
5679,R_0603_HP_620k0_F_75V_100ppmK_VishayDale_CRCW0603620KFKEAHP,High Power Resistor 0603 620 kΩ 1 % 75V 100ppmK VishayDale CRCW0603620KFKEAHP,,005679-5679,http://short-circuits.sandbox.anybotics.com/part/5679/,,0,,false,true,false,true,,,,,86,,,false,,false,false,false,0,2025-09-04,1,0,5679,5680,1,0,0,1,{},,,,,false,,false
5680,R_0603_HP_680k0_F_75V_100ppmK_generic,High Power Resistor 0603 680 kΩ 1 % 75V 100ppmK generic,,005680-5680,http://short-circuits.sandbox.anybotics.com/part/5680/,,0,,false,true,false,true,,,,,85,,,false,,false,false,false,0,2025-09-04,1,0,5680,5681,1,0,0,1,{},,,,,false,,false
5681,R_0603_HP_680k0_F_75V_100ppmK_VishayDale_CRCW0603680KFKEAHP,High Power Resistor 0603 680 kΩ 1 % 75V 100ppmK VishayDale CRCW0603680KFKEAHP,,005681-5681,http://short-circuits.sandbox.anybotics.com/part/5681/,,0,,false,true,false,true,,,,,86,,,false,,false,false,false,0,2025-09-04,1,0,5681,5682,1,0,0,1,{},,,,,false,,false
5682,R_0603_HP_750k0_F_75V_100ppmK_generic,High Power Resistor 0603 750 kΩ 1 % 75V 100ppmK generic,,005682-5682,http://short-circuits.sandbox.anybotics.com/part/5682/,,0,,false,true,false,true,,,,,85,,,false,,false,false,false,0,2025-09-04,1,0,5682,5683,1,0,0,1,{},,,,,false,,false
5683,R_0603_HP_750k0_F_75V_100ppmK_VishayDale_CRCW0603750KFKEAHP,High Power Resistor 0603 750 kΩ 1 % 75V 100ppmK VishayDale CRCW0603750KFKEAHP,,005683-5683,http://short-circuits.sandbox.anybotics.com/part/5683/,,0,,false,true,false,true,,,,,86,,,false,,false,false,false,0,2025-09-04,1,0,5683,5684,1,0,0,1,{},,,,,false,,false
5684,R_0603_HP_820k0_F_75V_100ppmK_generic,High Power Resistor 0603 820 kΩ 1 % 75V 100ppmK generic,,005684-5684,http://short-circuits.sandbox.anybotics.com/part/5684/,,0,,false,true,false,true,,,,,85,,,false,,false,false,false,0,2025-09-04,1,0,5684,5685,1,0,0,1,{},,,,,false,,false
5685,R_0603_HP_820k0_F_75V_100ppmK_VishayDale_CRCW0603820KFKEAHP,High Power Resistor 0603 820 kΩ 1 % 75V 100ppmK VishayDale CRCW0603820KFKEAHP,,005685-5685,http://short-circuits.sandbox.anybotics.com/part/5685/,,0,,false,true,false,true,,,,,86,,,false,,false,false,false,0,2025-09-04,1,0,5685,5686,1,0,0,1,{},,,,,false,,false
5686,R_0603_HP_910k0_F_75V_100ppmK_generic,High Power Resistor 0603 910 kΩ 1 % 75V 100ppmK generic,,005686-5686,http://short-circuits.sandbox.anybotics.com/part/5686/,,0,,false,true,false,true,,,,,85,,,false,,false,false,false,0,2025-09-04,1,0,5686,5687,1,0,0,1,{},,,,,false,,false
5687,R_0603_HP_910k0_F_75V_100ppmK_VishayDale_CRCW0603910KFKEAHP,High Power Resistor 0603 910 kΩ 1 % 75V 100ppmK VishayDale CRCW0603910KFKEAHP,,005687-5687,http://short-circuits.sandbox.anybotics.com/part/5687/,,0,,false,true,false,true,,,,,86,,,false,,false,false,false,0,2025-09-04,1,0,5687,5688,1,0,0,1,{},,,,,false,,false
5688,R_0603_HP_1M0_F_75V_100ppmK_generic,High Power Resistor 0603 1 MΩ 1 % 75V 100ppmK generic,,005688-5688,http://short-circuits.sandbox.anybotics.com/part/5688/,,0,,false,true,false,true,,,,,85,,,false,,false,false,false,0,2025-09-04,1,0,5688,5689,1,0,0,1,{},,,,,false,,false
5689,R_0603_HP_1M0_F_75V_100ppmK_VishayDale_CRCW06031M00FKEAHP,High Power Resistor 0603 1 MΩ 1 % 75V 100ppmK VishayDale CRCW06031M00FKEAHP,,005689-5689,http://short-circuits.sandbox.anybotics.com/part/5689/,,0,,false,true,false,true,,,,,86,,,false,,false,false,false,0,2025-09-04,1,0,5689,5690,1,0,0,1,{},,,,,false,,false
5690,D_STTH1R02ZFY_SOD-123F_200V_1A_generic,generic STTH1R02ZFY SOD-123F 0.75 V 200 V 1 A,,005690-5690,http://short-circuits.sandbox.anybotics.com/part/5690/,,0,,false,true,false,true,,,,,81,,,false,,false,false,false,0,2025-09-04,1,0,5690,5691,1,0,0,1,{},,,,,false,,false
5691,D_STTH1R02ZFY_SOD-123F_200V_1A_STMicroelectronics_STTH1R02ZFY,STTH1R02ZFY SOD-123F 0.75 V 200 V 1 A,,005691-5691,http://short-circuits.sandbox.anybotics.com/part/5691/,,0,,false,true,false,true,,,,,82,,,false,,false,false,false,0,2025-09-04,1,0,5691,5692,1,0,0,1,{},,,,,false,,false
